วันที่,สาขา,รายละเอียด,ประเภท,รายรับ,รายจ่าย,ยอดรวม
,,ยอดยกมา (Opening balance),OPENING,100000,,100000
01/01/2026,B1,ยอดขายเงินสด,Sales-Cash,8590,,108590
01/01/2026,B1,ยอดขาย (ยังไม่แยกสด/โอน),Sales-Unsplit,5100,,113690
02/01/2026,B1,ยอดขายเงินสด,Sales-Cash,6100,,119790
02/01/2026,B1,ยอดขาย (ยังไม่แยกสด/โอน),Sales-Unsplit,5005,,124795
02/01/2026,B1,แก้ว หลอด,COGS,,2165,122630
02/01/2026,B1,Unknown,COGS,,400,122230
02/01/2026,B1,ส่วนแบ่งกำไร Blessme 60% (Dec25),DISTRIBUTION,,47961,74269
02/01/2026,B1,ส่วนแบ่งกำไร Ming 40% (Dec25),DISTRIBUTION,,31974,42295
03/01/2026,B1,ยอดขายเงินสด,Sales-Cash,6050,,48345
03/01/2026,B1,ยอดขาย (ยังไม่แยกสด/โอน),Sales-Unsplit,4040,,52385
03/01/2026,B1,แตงโม 60 ลูก,COGS,,4000,48385
04/01/2026,B1,ยอดขายเงินสด,Sales-Cash,4120,,52505
04/01/2026,B1,ยอดขาย (ยังไม่แยกสด/โอน),Sales-Unsplit,2720,,55225
04/01/2026,B1,ค่าส่งแก้ว,COGS,,198,55027
05/01/2026,B1,ยอดขายเงินสด,Sales-Cash,4840,,59867
05/01/2026,B1,ยอดขาย (ยังไม่แยกสด/โอน),Sales-Unsplit,2360,,62227
06/01/2026,B1,ยอดขายเงินสด,Sales-Cash,3600,,65827
06/01/2026,B1,ยอดขาย (ยังไม่แยกสด/โอน),Sales-Unsplit,2420,,68247
06/01/2026,B1,ค่าส้ม 5720 ค่าส่งส้ม 960,COGS,,6680,61567
06/01/2026,B1,ค่าส่งส้มมาบทท,COGS,,375,61192
07/01/2026,B1,ยอดขายเงินสด,Sales-Cash,3730,,64922
07/01/2026,B1,ยอดขาย (ยังไม่แยกสด/โอน),Sales-Unsplit,2700,,67622
07/01/2026,B1,Unknown,COGS,,400,67222
08/01/2026,B1,ยอดขายเงินสด,Sales-Cash,4160,,71382
08/01/2026,B1,ยอดขาย (ยังไม่แยกสด/โอน),Sales-Unsplit,1750,,73132
08/01/2026,B1,"ค่าเช่า12,000 น้ำไฟ324 รวม12,324",OPEX,,12324,60808
08/01/2026,B1,Unknown,COGS,,400,60408
09/01/2026,B1,ยอดขายเงินสด,Sales-Cash,4790,,65198
09/01/2026,B1,ยอดขาย (ยังไม่แยกสด/โอน),Sales-Unsplit,4290,,69488
09/01/2026,B1,Unknown,COGS,,400,69088
09/01/2026,B1,ค่าขนตะกร้ากลับ,COGS,,500,68588
10/01/2026,B1,ยอดขายเงินสด,Sales-Cash,5330,,73918
10/01/2026,B1,ยอดขาย (ยังไม่แยกสด/โอน),Sales-Unsplit,4530,,78448
11/01/2026,B1,ยอดขายเงินสด,Sales-Cash,4310,,82758
11/01/2026,B1,ยอดขาย (ยังไม่แยกสด/โอน),Sales-Unsplit,3230,,85988
11/01/2026,B1,ขวดใหญ่ 98 ใบ,COGS,,319,85669
11/01/2026,B1,ค่าส่งส้มไปบทท,COGS,,461,85208
11/01/2026,B1,ค่าส้ม20ลัง,COGS,,6680,78528
11/01/2026,B1,Unknown,COGS,,400,78128
12/01/2026,B1,ยอดขายเงินสด,Sales-Cash,6640,,84768
12/01/2026,B1,ยอดขาย (ยังไม่แยกสด/โอน),Sales-Unsplit,2780,,87548
12/01/2026,B1,ถุงขยะ,COGS,,548,87000
13/01/2026,B1,ยอดขายเงินสด,Sales-Cash,3880,,90880
13/01/2026,B1,ยอดขาย (ยังไม่แยกสด/โอน),Sales-Unsplit,3290,,94170
14/01/2026,B1,ยอดขายเงินสด,Sales-Cash,3810,,97980
14/01/2026,B1,ยอดขาย (ยังไม่แยกสด/โอน),Sales-Unsplit,2590,,100570
14/01/2026,B1,Unknown,COGS,,1625,98945
14/01/2026,B1,แตงโม 40ลูก,COGS,,3200,95745
14/01/2026,B1,ส้ม 20 ตะกร้า,COGS,,6680,89065
14/01/2026,B1,ค่าส่งส้มมาบทท,COGS,,675,88390
15/01/2026,B1,ยอดขายเงินสด,Sales-Cash,3910,,92300
15/01/2026,B1,ยอดขาย (ยังไม่แยกสด/โอน),Sales-Unsplit,2790,,95090
16/01/2026,B1,ยอดขายเงินสด,Sales-Cash,5440,,100530
16/01/2026,B1,ยอดขาย (ยังไม่แยกสด/โอน),Sales-Unsplit,3140,,103670
17/01/2026,B1,ยอดขายเงินสด,Sales-Cash,5670,,109340
17/01/2026,B1,ยอดขาย (ยังไม่แยกสด/โอน),Sales-Unsplit,5970,,115310
17/01/2026,B1,Unknown,COGS,,400,114910
17/01/2026,B1,แตงโม 40 ลูก,COGS,,3200,111710
17/01/2026,B1,Unknown,COGS,,60,111650
18/01/2026,B1,ยอดขายเงินสด,Sales-Cash,5860,,117510
18/01/2026,B1,ยอดขาย (ยังไม่แยกสด/โอน),Sales-Unsplit,3360,,120870
19/01/2026,B1,ยอดขายเงินสด,Sales-Cash,5650,,126520
19/01/2026,B1,ยอดขาย (ยังไม่แยกสด/โอน),Sales-Unsplit,2040,,128560
19/01/2026,B1,ค่าขนส่ง,COGS,,349,128211
20/01/2026,B1,ยอดขายเงินสด,Sales-Cash,4060,,132271
20/01/2026,B1,ยอดขาย (ยังไม่แยกสด/โอน),Sales-Unsplit,3410,,135681
20/01/2026,B1,Unknown,COGS,,400,135281
20/01/2026,B1,แก้วฝา 2,COGS,,2702,132579
20/01/2026,B1,แตงโม 40,COGS,,3200,129379
21/01/2026,B1,ยอดขายเงินสด,Sales-Cash,4840,,134219
21/01/2026,B1,ยอดขาย (ยังไม่แยกสด/โอน),Sales-Unsplit,4110,,138329
21/01/2026,B1,ค่าขนส่ง,COGS,,675,137654
22/01/2026,B1,ยอดขายเงินสด,Sales-Cash,3630,,141284
22/01/2026,B1,ยอดขาย (ยังไม่แยกสด/โอน),Sales-Unsplit,3770,,145054
23/01/2026,B1,ยอดขายเงินสด,Sales-Cash,5630,,150684
23/01/2026,B1,ยอดขาย (ยังไม่แยกสด/โอน),Sales-Unsplit,4170,,154854
23/01/2026,B1,ค่าส้ม20ตะกร้า,COGS,,7120,147734
23/01/2026,B1,Unknown,COGS,,400,147334
23/01/2026,B1,Unknown,COGS,,400,146934
23/01/2026,B1,แตงโม 40 ลูก,COGS,,3200,143734
24/01/2026,B1,ยอดขายเงินสด,Sales-Cash,6870,,150604
24/01/2026,B1,ยอดขาย (ยังไม่แยกสด/โอน),Sales-Unsplit,5080,,155684
25/01/2026,B1,ยอดขายเงินสด,Sales-Cash,6160,,161844
25/01/2026,B1,ยอดขาย (ยังไม่แยกสด/โอน),Sales-Unsplit,6050,,167894
25/01/2026,B1,ส้ม5ตะกร้า แตงโม 40 ลูก,COGS,,5950,161944
25/01/2026,B1,ค่าส่งฝา,COGS,,114,161830
26/01/2026,B1,ยอดขายเงินสด,Sales-Cash,5390,,167220
26/01/2026,B1,ยอดขาย (ยังไม่แยกสด/โอน),Sales-Unsplit,2350,,169570
26/01/2026,B1,ค่าส้ม 30 ตะกร้า,COGS,,10680,158890
26/01/2026,B1,Unknown,COGS,,400,158490
26/01/2026,B1,Unknown,COGS,,400,158090
27/01/2026,B1,ยอดขายเงินสด,Sales-Cash,4240,,162330
27/01/2026,B1,ยอดขาย (ยังไม่แยกสด/โอน),Sales-Unsplit,4830,,167160
27/01/2026,B1,ถุงมือ - 5 กล่อง,COGS,,1077,166083
28/01/2026,B1,ยอดขายเงินสด,Sales-Cash,5180,,171263
28/01/2026,B1,ยอดขาย (ยังไม่แยกสด/โอน),Sales-Unsplit,3110,,174373
28/01/2026,B1,ค่าส่ง,COGS,,486,173887
28/01/2026,B1,Unknown,COGS,,400,173487
28/01/2026,B1,ค่าแตงโม 50 ลูก,COGS,,4000,169487
28/01/2026,B1,Unknown,COGS,,400,169087
28/01/2026,B1,ค่าส่ง,COGS,,486,168601
28/01/2026,B1,แตงโม 50 ลูก,COGS,,4000,164601
29/01/2026,B1,ยอดขายเงินสด,Sales-Cash,7270,,171871
29/01/2026,B1,ยอดขาย (ยังไม่แยกสด/โอน),Sales-Unsplit,3220,,175091
30/01/2026,B1,ยอดขายเงินสด,Sales-Cash,4450,,179541
30/01/2026,B1,ยอดขาย (ยังไม่แยกสด/โอน),Sales-Unsplit,4260,,183801
30/01/2026,B1,แตงโม 25 ลูก,COGS,,2000,181801
30/01/2026,B1,แอปเปิ้ล เมล่อน,COGS,,851,180950
31/01/2026,B1,ยอดขายเงินสด,Sales-Cash,6180,,187130
31/01/2026,B1,ยอดขาย (ยังไม่แยกสด/โอน),Sales-Unsplit,6560,,193690
31/01/2026,B1,เงินเดือนเมนมกราคม,OPEX,,19000,174690
01/02/2026,B1,ยอดขายเงินสด,Sales-Cash,6500,,181190
01/02/2026,B1,ยอดขาย (ยังไม่แยกสด/โอน),Sales-Unsplit,5220,,186410
02/02/2026,B1,ยอดขายเงินสด,Sales-Cash,6840,,193250
02/02/2026,B1,ยอดขาย (ยังไม่แยกสด/โอน),Sales-Unsplit,2990,,196240
02/02/2026,B1,ส้ม 30 ตะกร้า,COGS,,10680,185560
02/02/2026,B1,แตงโม 50 ลูก,COGS,,4000,181560
02/02/2026,B1,Unknown,COGS,,2000,179560
02/02/2026,B1,ส่วนแบ่งกำไร Blessme 60% (Jan26),DISTRIBUTION,,75767.4,103792.6
02/02/2026,B1,ส่วนแบ่งกำไร Ming 40% (Jan26),DISTRIBUTION,,50511.6,53281
03/02/2026,B1,ยอดขายเงินสด,Sales-Cash,6570,,59851
03/02/2026,B1,ยอดขาย (ยังไม่แยกสด/โอน),Sales-Unsplit,4390,,64241
04/02/2026,B1,ยอดขายเงินสด,Sales-Cash,5960,,70201
04/02/2026,B1,ยอดขาย (ยังไม่แยกสด/โอน),Sales-Unsplit,3410,,73611
04/02/2026,B1,ฝา 690 1000 ชิ้น แก้ว 1196 1000 ชิ้น หลอด 421,COGS,,2023,71588
05/02/2026,B1,ยอดขายเงินสด,Sales-Cash,3830,,75418
05/02/2026,B1,ยอดขาย (ยังไม่แยกสด/โอน),Sales-Unsplit,5860,,81278
05/02/2026,B1,แตงโม 50 ลูก,COGS,,4000,77278
05/02/2026,B1,แก้วสกรีน อย่างเดียวไม่รวมฝา 2280บาท,COGS,,2280,74998
06/02/2026,B1,ยอดขายเงินสด,Sales-Cash,6880,,81878
06/02/2026,B1,ยอดขาย (ยังไม่แยกสด/โอน),Sales-Unsplit,4010,,85888
07/02/2026,B1,ยอดขายเงินสด,Sales-Cash,4890,,90778
07/02/2026,B1,ยอดขาย (ยังไม่แยกสด/โอน),Sales-Unsplit,7470,,98248
08/02/2026,B1,ยอดขายเงินสด,Sales-Cash,5280,,103528
08/02/2026,B1,ยอดขาย (ยังไม่แยกสด/โอน),Sales-Unsplit,3470,,106998
08/02/2026,B1,Unknown,COGS,,798,106200
08/02/2026,B1,แตงโม 50,COGS,,4000,102200
08/02/2026,B1,Unknown,COGS,,2000,100200
09/02/2026,B1,ยอดขายเงินสด,Sales-Cash,6680,,106880
09/02/2026,B1,ยอดขาย (ยังไม่แยกสด/โอน),Sales-Unsplit,4420,,111300
09/02/2026,B1,ส้ม 30 ตะกร้า,COGS,,10680,100620
09/02/2026,B1,ค่าส่งส้ม,COGS,,685,99935
10/02/2026,B1,ยอดขายเงินสด,Sales-Cash,7820,,107755
10/02/2026,B1,ยอดขาย (ยังไม่แยกสด/โอน),Sales-Unsplit,4965,,112720
10/02/2026,B1,ค่าไฟเดือนมค,COGS,,389,112331
11/02/2026,B1,ยอดขายเงินสด,Sales-Cash,7320,,119651
11/02/2026,B1,ยอดขาย (ยังไม่แยกสด/โอน),Sales-Unsplit,5030,,124681
11/02/2026,B1,แตงโม 50 ลูก,COGS,,4000,120681
12/02/2026,B1,ยอดขายเงินสด,Sales-Cash,8030,,128711
12/02/2026,B1,ยอดขาย (ยังไม่แยกสด/โอน),Sales-Unsplit,3790,,132501
13/02/2026,B1,ยอดขายเงินสด,Sales-Cash,7390,,139891
13/02/2026,B1,ยอดขาย (ยังไม่แยกสด/โอน),Sales-Unsplit,5280,,145171
14/02/2026,B1,ยอดขายเงินสด,Sales-Cash,6420,,151591
14/02/2026,B1,ยอดขาย (ยังไม่แยกสด/โอน),Sales-Unsplit,5900,,157491
14/02/2026,B1,Unknown,OPEX,,4000,153491
14/02/2026,B1,Unknown,COGS,,350,153141
15/02/2026,B1,ยอดขายเงินสด,Sales-Cash,7480,,160621
15/02/2026,B1,ยอดขาย (ยังไม่แยกสด/โอน),Sales-Unsplit,5930,,166551
16/02/2026,B1,ยอดขายเงินสด,Sales-Cash,6650,,173201
16/02/2026,B1,ยอดขาย (ยังไม่แยกสด/โอน),Sales-Unsplit,3730,,176931
16/02/2026,B1,ค่าส่งส้ม,COGS,,485,176446
16/02/2026,B1,ค่าส้ม 30 ตะกร้า 13/2/69,COGS,,10680,165766
17/02/2026,B1,ยอดขายเงินสด,Sales-Cash,7150,,172916
17/02/2026,B1,ยอดขาย (ยังไม่แยกสด/โอน),Sales-Unsplit,5570,,178486
18/02/2026,B1,ยอดขายเงินสด,Sales-Cash,10140,,188626
18/02/2026,B1,ยอดขาย (ยังไม่แยกสด/โอน),Sales-Unsplit,4460,,193086
19/02/2026,B1,ยอดขายเงินสด,Sales-Cash,8900,,201986
19/02/2026,B1,ยอดขาย (ยังไม่แยกสด/โอน),Sales-Unsplit,6520,,208506
19/02/2026,B1,แตงโม 50 ลูก วันที่ 1719,COGS,,8000,200506
19/02/2026,B1,แก้ว,COGS,,3315,197191
19/02/2026,B1,แก้วสกรีน2ลัง(รอบที่1นะ แบ่งสั่งจะได้ไม่มีค่า,COGS,,6655,190536
19/02/2026,B1,Unknown,COGS,,2000,188536
20/02/2026,B1,ยอดขายเงินสด,Sales-Cash,10900,,199436
20/02/2026,B1,ยอดขาย (ยังไม่แยกสด/โอน),Sales-Unsplit,5850,,205286
20/02/2026,B1,ผ้าปิดร้าน 218 ค่ารถ 198,COGS,,416,204870
21/02/2026,B1,ยอดขายเงินสด,Sales-Cash,9720,,214590
21/02/2026,B1,ยอดขาย (ยังไม่แยกสด/โอน),Sales-Unsplit,6910,,221500
22/02/2026,B1,ยอดขายเงินสด,Sales-Cash,10170,,231670
22/02/2026,B1,ยอดขาย (ยังไม่แยกสด/โอน),Sales-Unsplit,5650,,237320
23/02/2026,B1,ยอดขายเงินสด,Sales-Cash,7800,,245120
23/02/2026,B1,ยอดขาย (ยังไม่แยกสด/โอน),Sales-Unsplit,4930,,250050
23/02/2026,B1,แตงโม 21 50 ลูก 23 50 ลูก,COGS,,8000,242050
24/02/2026,B1,ยอดขายเงินสด,Sales-Cash,7930,,249980
24/02/2026,B1,ยอดขาย (ยังไม่แยกสด/โอน),Sales-Unsplit,5390,,255370
24/02/2026,B1,Unknown,COGS,,209,255161
24/02/2026,B1,ส้ม 30 18/2/69,COGS,,10680,244481
24/02/2026,B1,แก้ว 2400 ฝา 1670,COGS,,4070,240411
25/02/2026,B1,ยอดขายเงินสด,Sales-Cash,6460,,246871
25/02/2026,B1,ยอดขาย (ยังไม่แยกสด/โอน),Sales-Unsplit,3100,,249971
25/02/2026,B1,แตงโม 50,COGS,,4000,245971
25/02/2026,B1,Unknown,COGS,,2000,243971
25/02/2026,B1,ส้ม20 ตะกร้า,COGS,,7312,236659
25/02/2026,B1,ค่าส่งส้ม,COGS,,806,235853
26/02/2026,B1,ยอดขายเงินสด,Sales-Cash,5280,,241133
26/02/2026,B1,ยอดขาย (ยังไม่แยกสด/โอน),Sales-Unsplit,3000,,244133
26/02/2026,B1,ค่าขวดใหญ่,COGS,,319,243814
27/02/2026,B1,ยอดขายเงินสด,Sales-Cash,5370,,249184
27/02/2026,B1,ยอดขาย (ยังไม่แยกสด/โอน),Sales-Unsplit,7955,,257139
28/02/2026,B1,ยอดขายเงินสด,Sales-Cash,4440,,261579
28/02/2026,B1,ยอดขาย (ยังไม่แยกสด/โอน),Sales-Unsplit,6060,,267639
28/02/2026,B1,ค่าส่งส้ม,COGS,,2237,265402
28/02/2026,B1,ค่าส่งส้ม,COGS,,2237,263165
28/02/2026,B1,ค่าเช่าสต็อคกพ,OPEX,,12000,251165
28/02/2026,B1,แตงโม 50 ลูก,COGS,,4000,247165
01/03/2026,B1,ยอดขายเงินสด,Sales-Cash,4670,,251835
01/03/2026,B1,ยอดขายเงินโอน,Sales-Transfer,5460,,257295
01/03/2026,B2,ยอดขายเงินสด,Sales-Cash,4670,,261965
01/03/2026,B2,ยอดขายเงินโอน,Sales-Transfer,5460,,267425
02/03/2026,B1,ยอดขายเงินสด,Sales-Cash,7300,,274725
02/03/2026,B1,ยอดขายเงินโอน,Sales-Transfer,3290,,278015
02/03/2026,B1,ส่วนแบ่งกำไร Blessme 60% (Feb26),DISTRIBUTION,,85553.4,192461.6
02/03/2026,B1,ส่วนแบ่งกำไร Ming 40% (Feb26),DISTRIBUTION,,57035.6,135426
03/03/2026,B1,ยอดขายเงินสด,Sales-Cash,6520,,141946
03/03/2026,B1,ยอดขายเงินโอน,Sales-Transfer,5080,,147026
04/03/2026,B1,ยอดขายเงินสด,Sales-Cash,3970,,150996
04/03/2026,B1,ยอดขายเงินโอน,Sales-Transfer,1380,,152376
04/03/2026,B1,ค่าทางด่วนส่งแตงโม,COGS,,140,152236
04/03/2026,B1,มะม่วง 16 โล,COGS,,560,151676
05/03/2026,B1,ยอดขายเงินสด,Sales-Cash,4670,,156346
05/03/2026,B1,ยอดขายเงินโอน,Sales-Transfer,4090,,160436
05/03/2026,B1,มะม่วง 1 ลัง,COGS,,500,159936
05/03/2026,B1,ค่าส้มวันที่ 27269,COGS,,7312,152624
05/03/2026,B1,"แตงโม 51 ยอด3,500",COGS,,7700,144924
05/03/2026,B1,ค่าส้ม 20 ตะกร้า,COGS,,7312,137612
05/03/2026,B1,ค่าทางด่วน,COGS,,105,137507
05/03/2026,B1,ถุงขยะ,COGS,,909,136598
05/03/2026,B1,มะม่วง 24 โล,COGS,,1560,135038
06/03/2026,B1,ยอดขายเงินสด,Sales-Cash,7200,,142238
06/03/2026,B1,ยอดขายเงินโอน,Sales-Transfer,5590,,147828
07/03/2026,B1,ยอดขายเงินสด,Sales-Cash,2630,,150458
07/03/2026,B1,ยอดขายเงินโอน,Sales-Transfer,11865,,162323
07/03/2026,B1,Unknown,COGS,,2000,160323
08/03/2026,B1,ยอดขายเงินสด,Sales-Cash,4580,,164903
08/03/2026,B1,ยอดขายเงินโอน,Sales-Transfer,6790,,171693
09/03/2026,B1,ยอดขายเงินสด,Sales-Cash,5040,,176733
09/03/2026,B1,ยอดขายเงินโอน,Sales-Transfer,2710,,179443
10/03/2026,B1,ยอดขายเงินสด,Sales-Cash,5450,,184893
10/03/2026,B1,ยอดขายเงินโอน,Sales-Transfer,4310,,189203
10/03/2026,B1,09/03/69,COGS,,9804,179399
10/03/2026,B1,แตงโม 50 วันที่ 7 แตงโม 50 วันที่ 10,COGS,,8000,171399
10/03/2026,B1,Unknown,CAPEX,,6500,164899
10/03/2026,B1,แก้ว2ลัง ลังละ 1560,COGS,,3120,161779
10/03/2026,B1,แก้วร้านน้ำส้ม 2ลัง ลังละ1560,COGS,,5667,156112
11/03/2026,B1,ยอดขายเงินสด,Sales-Cash,5250,,161362
11/03/2026,B1,ยอดขายเงินโอน,Sales-Transfer,5060,,166422
12/03/2026,B1,ยอดขายเงินสด,Sales-Cash,4030,,170452
12/03/2026,B1,ยอดขายเงินโอน,Sales-Transfer,4540,,174992
13/03/2026,B1,ยอดขายเงินสด,Sales-Cash,5550,,180542
13/03/2026,B1,ยอดขายเงินโอน,Sales-Transfer,4520,,185062
13/03/2026,B1,หลอด 20 แพค,COGS,,765,184297
14/03/2026,B1,ยอดขายเงินสด,Sales-Cash,4740,,189037
14/03/2026,B1,ยอดขายเงินโอน,Sales-Transfer,6290,,195327
14/03/2026,B1,แอปเปิ้ลฟูจิ 32,COGS,,350,194977
14/03/2026,B1,มะม่วง 2 ลัง 44,COGS,,2420,192557
15/03/2026,B1,ยอดขายเงินสด,Sales-Cash,4780,,197337
15/03/2026,B1,ยอดขายเงินโอน,Sales-Transfer,5010,,202347
15/03/2026,B1,ค่าทางด่วน,COGS,,115,202232
15/03/2026,B1,น้ำมะพร้าว 5ขวดเละ 50฿,COGS,,4800,197432
16/03/2026,B1,ยอดขายเงินสด,Sales-Cash,3040,,200472
16/03/2026,B1,ยอดขายเงินโอน,Sales-Transfer,4590,,205062
17/03/2026,B1,ยอดขายเงินสด,Sales-Cash,4130,,209192
17/03/2026,B1,ยอดขายเงินโอน,Sales-Transfer,3180,,212372
17/03/2026,B1,ค่าไฟเดือนกพ มีนา,COGS,,2779.47,209592.53
18/03/2026,B1,ยอดขายเงินสด,Sales-Cash,2900,,212492.53
18/03/2026,B1,ยอดขายเงินโอน,Sales-Transfer,2620,,215112.53
19/03/2026,B1,ยอดขายเงินสด,Sales-Cash,4900,,220012.53
19/03/2026,B1,ยอดขายเงินโอน,Sales-Transfer,3830,,223842.53
19/03/2026,B1,ค่าแตงโม 18/3/67 51 ลูก 4000 บาท,COGS,,4000,219842.53
20/03/2026,B1,ยอดขายเงินสด,Sales-Cash,4790,,224632.53
20/03/2026,B1,ยอดขายเงินโอน,Sales-Transfer,3130,,227762.53
21/03/2026,B1,ยอดขายเงินสด,Sales-Cash,6120,,233882.53
21/03/2026,B1,ยอดขายเงินโอน,Sales-Transfer,4360,,238242.53
21/03/2026,B1,สกรู กาวตะปู,COGS,,117,238125.53
22/03/2026,B1,ยอดขายเงินสด,Sales-Cash,5250,,243375.53
22/03/2026,B1,ยอดขายเงินโอน,Sales-Transfer,3890,,247265.53
23/03/2026,B1,ยอดขายเงินสด,Sales-Cash,1770,,249035.53
23/03/2026,B1,ยอดขายเงินโอน,Sales-Transfer,4440,,253475.53
23/03/2026,B1,มะม่วง 44 โล,COGS,,2200,251275.53
23/03/2026,B1,22-3-2569,COGS,,5890,245385.53
24/03/2026,B1,ยอดขายเงินสด,Sales-Cash,3940,,249325.53
24/03/2026,B1,ยอดขายเงินโอน,Sales-Transfer,2580,,251905.53
24/03/2026,B1,รถเข็นของคันใหม่,COGS,,1752,250153.53
25/03/2026,B1,ยอดขายเงินสด,Sales-Cash,4920,,255073.53
25/03/2026,B1,ยอดขายเงินโอน,Sales-Transfer,2320,,257393.53
26/03/2026,B1,ยอดขายเงินสด,Sales-Cash,4470,,261863.53
26/03/2026,B1,ยอดขายเงินโอน,Sales-Transfer,3680,,265543.53
27/03/2026,B1,ยอดขายเงินสด,Sales-Cash,6250,,271793.53
27/03/2026,B1,ยอดขายเงินโอน,Sales-Transfer,3320,,275113.53
28/03/2026,B1,ยอดขายเงินสด,Sales-Cash,6030,,281143.53
28/03/2026,B1,ยอดขายเงินโอน,Sales-Transfer,6080,,287223.53
28/03/2026,B1,น้ำมะพร้าว 10 ขวด,COGS,,500,286723.53
28/03/2026,B1,มะม่วง 23 โล,COGS,,1035,285688.53
28/03/2026,B1,แตงโม 50 26/3/69,COGS,,4000,281688.53
29/03/2026,B1,ยอดขายเงินสด,Sales-Cash,5730,,287418.53
29/03/2026,B1,ยอดขายเงินโอน,Sales-Transfer,3970,,291388.53
30/03/2026,B1,ยอดขายเงินสด,Sales-Cash,4690,,296078.53
30/03/2026,B1,ยอดขายเงินโอน,Sales-Transfer,2270,,298348.53
30/03/2026,B1,นมข้นจืดสามลังหนึ่งลังมี 12 กล่อง 36 กล่อง,COGS,,1720,296628.53
30/03/2026,B1,นมข้นหวาน 3 ลัง 24 ถุง,COGS,,2016,294612.53
30/03/2026,B1,แตงโม 30 ลูก 2400 เนื้อมะพร้าว 10 โล 1100,COGS,,3500,291112.53
30/03/2026,B1,ค่าส่ง lalamove,COGS,,2000,289112.53
31/03/2026,B1,ยอดขายเงินสด,Sales-Cash,6730,,295842.53
31/03/2026,B1,ยอดขาย (ยังไม่แยกสด/โอน),Sales-Unsplit,4640,,300482.53
31/03/2026,B1,Unknown,COGS,,2000,298482.53
01/04/2026,B1,ยอดขายเงินสด,Sales-Cash,6300,,304782.53
01/04/2026,B1,ยอดขายเงินโอน,Sales-Transfer,4280,,309062.53
01/04/2026,B1,ยอดขาย (ยังไม่แยกสด/โอน),Sales-Unsplit,-100,,308962.53
01/04/2026,B1,แอปเปิ้ล 3 ลัง,COGS,,1050,307912.53
01/04/2026,B1,มะม่วง 2 ลัง,COGS,,1920,305992.53
01/04/2026,B1,น้ำ500,COGS,,1700,304292.53
02/04/2026,B1,ยอดขายเงินสด,Sales-Cash,6650,,310942.53
02/04/2026,B1,ยอดขายเงินโอน,Sales-Transfer,4120,,315062.53
02/04/2026,B1,Unknown,COGS,,49560,265502.53
02/04/2026,B1,ส่วนแบ่งกำไร Blessme 60% (Mar26),DISTRIBUTION,,38701.968,226800.56
02/04/2026,B1,ส่วนแบ่งกำไร Ming 40% (Mar26),DISTRIBUTION,,25801.312,200999.25
03/04/2026,B1,ยอดขายเงินสด,Sales-Cash,9930,,210929.25
03/04/2026,B1,ยอดขายเงินโอน,Sales-Transfer,4690,,215619.25
04/04/2026,B1,ยอดขายเงินสด,Sales-Cash,7750,,223369.25
04/04/2026,B1,ยอดขายเงินโอน,Sales-Transfer,6578,,229947.25
04/04/2026,B1,แก้ว3ลัง 1539 3 4617,COGS,,7066,222881.25
04/04/2026,B1,แก้ว1ลัง 1539,COGS,,1560,221321.25
04/04/2026,B1,ค่ามะพร้าว 26 60ลูก 1560,COGS,,1980,219341.25
04/04/2026,B1,เนื้อ 1200 น้ำ 500,COGS,,1700,217641.25
04/04/2026,B1,มะม่วง1ลัง,COGS,,1000,216641.25
04/04/2026,B1,ส้ม 4/4/69 20 ตะกร้า 30 บาท 13200 ค่าขนส่ง,COGS,,14160,202481.25
04/04/2026,B1,4/4/68 40 ลูก,COGS,,3200,199281.25
04/04/2026,B1,แตงโม 1/4/69 30 ลูก,COGS,,2400,196881.25
05/04/2026,B1,ยอดขายเงินสด,Sales-Cash,9540,,206421.25
05/04/2026,B1,ยอดขายเงินโอน,Sales-Transfer,7560,,213981.25
06/04/2026,B1,ยอดขายเงินสด,Sales-Cash,8510,,222491.25
06/04/2026,B1,ยอดขายเงินโอน,Sales-Transfer,4100,,226591.25
07/04/2026,B1,ยอดขายเงินสด,Sales-Cash,6420,,233011.25
07/04/2026,B1,ยอดขายเงินโอน,Sales-Transfer,3180,,236191.25
07/04/2026,B1,แอปเปิ้ล 3 ลัง,COGS,,1050,235141.25
07/04/2026,B1,เนื้อมะพร้าว 10 - 1200 บาท น้ำมะพร้าว 10,COGS,,1700,233441.25
07/04/2026,B1,ค่าแตงโมวันที่ 4- 40 ลูก 3200 บาท วันที่ 7-40 ลูก,COGS,,6400,227041.25
08/04/2026,B1,ยอดขายเงินสด,Sales-Cash,6180,,233221.25
08/04/2026,B1,ยอดขายเงินโอน,Sales-Transfer,2880,,236101.25
09/04/2026,B1,ยอดขายเงินสด,Sales-Cash,5090,,241191.25
09/04/2026,B1,ยอดขายเงินโอน,Sales-Transfer,3130,,244321.25
10/04/2026,B1,ยอดขายเงินสด,Sales-Cash,9150,,253471.25
10/04/2026,B1,ยอดขายเงินโอน,Sales-Transfer,4890,,258361.25
10/04/2026,B1,ค่านม,COGS,,180,258181.25
11/04/2026,B1,ยอดขายเงินสด,Sales-Cash,10880,,269061.25
11/04/2026,B1,ยอดขายเงินโอน,Sales-Transfer,5620,,274681.25
11/04/2026,B1,ค่ารถ lalamove,COGS,,2000,272681.25
11/04/2026,B1,แอปเปิ้ล 3 ลัง,COGS,,1050,271631.25
11/04/2026,B1,น้ำ 500 เนื้อ 1200,COGS,,1700,269931.25
11/04/2026,B1,มะม่วง 1 ลัง 23 โล,COGS,,690,269241.25
12/04/2026,B1,ยอดขายเงินสด,Sales-Cash,9460,,278701.25
12/04/2026,B1,ยอดขายเงินโอน,Sales-Transfer,4680,,283381.25
13/04/2026,B1,ยอดขายเงินสด,Sales-Cash,7180,,290561.25
13/04/2026,B1,ยอดขายเงินโอน,Sales-Transfer,3630,,294191.25
13/04/2026,B1,Unknown,COGS,,300,293891.25
13/04/2026,B1,เนื้อมะพร้าว 1200 น้ำมะพร้าว 500,COGS,,1400,292491.25
13/04/2026,B1,Unknown,COGS,,750,291741.25
13/04/2026,B1,Unknown,COGS,,3200,288541.25
14/04/2026,B1,ยอดขายเงินสด,Sales-Cash,10980,,299521.25
14/04/2026,B1,ยอดขายเงินโอน,Sales-Transfer,4200,,303721.25
16/04/2026,B1,ยอดขายเงินสด,Sales-Cash,7160,,310881.25
16/04/2026,B1,ยอดขายเงินโอน,Sales-Transfer,2700,,313581.25
17/04/2026,B1,ยอดขายเงินสด,Sales-Cash,6560,,320141.25
17/04/2026,B1,ยอดขายเงินโอน,Sales-Transfer,3990,,324131.25
18/04/2026,B1,ยอดขายเงินสด,Sales-Cash,5920,,330051.25
18/04/2026,B1,ยอดขายเงินโอน,Sales-Transfer,5120,,335171.25
18/04/2026,B1,แอปเปิ้ล 3 ลัง,COGS,,1050,334121.25
18/04/2026,B1,16/04/26 มะม่วง 1 ลัง,COGS,,750,333371.25
18/04/2026,B1,16/4/2569,OPEX,,4000,329371.25
18/04/2026,B2,ยอดขายเงินสด,Sales-Cash,1160,,330531.25
18/04/2026,B2,ยอดขายเงินโอน,Sales-Transfer,1190,,331721.25
19/04/2026,B1,ยอดขายเงินสด,Sales-Cash,3870,,335591.25
19/04/2026,B1,ยอดขายเงินโอน,Sales-Transfer,2630,,338221.25
19/04/2026,B2,ยอดขายเงินสด,Sales-Cash,1120,,339341.25
19/04/2026,B2,ยอดขายเงินโอน,Sales-Transfer,1190,,340531.25
20/04/2026,B1,ยอดขายเงินสด,Sales-Cash,4670,,345201.25
20/04/2026,B1,ยอดขายเงินโอน,Sales-Transfer,5220,,350421.25
20/04/2026,B1,ส้ม 40 ตะกร้า ตะกร้าละ 22 โล โลละ 30 บาท,COGS,,28600,321821.25
20/04/2026,B1,ค่าส่งป้ายเมนูร้านใหม่,COGS,,335,321486.25
20/04/2026,B1,ขวดใหญ่ 98 อัน,COGS,,338,321148.25
20/04/2026,B1,ถุงขยะ 10 แพค,COGS,,520,320628.25
20/04/2026,B1,18/4/26 แตงโม 30 ลูก,COGS,,2400,318228.25
20/04/2026,B1,18/4/26 มะม่วง 25 โล 750,COGS,,750,317478.25
20/04/2026,B2,ยอดขายเงินสด,Sales-Cash,3970,,321448.25
20/04/2026,B2,ยอดขายเงินโอน,Sales-Transfer,1680,,323128.25
21/04/2026,B1,ยอดขายเงินสด,Sales-Cash,5470,,328598.25
21/04/2026,B1,ยอดขายเงินโอน,Sales-Transfer,3200,,331798.25
21/04/2026,B1,21/4/26 แตงโม60 ลูก,COGS,,4800,326998.25
21/04/2026,B1,Lalamove,COGS,,2000,324998.25
21/04/2026,B1,แอปเปิ้ล 4 ลัง,COGS,,1400,323598.25
21/04/2026,B2,ยอดขายเงินสด,Sales-Cash,4920,,328518.25
21/04/2026,B2,ยอดขายเงินโอน,Sales-Transfer,1510,,330028.25
22/04/2026,B1,ยอดขายเงินสด,Sales-Cash,4000,,334028.25
22/04/2026,B1,ยอดขายเงินโอน,Sales-Transfer,4595,,338623.25
22/04/2026,B2,ยอดขายเงินสด,Sales-Cash,2330,,340953.25
22/04/2026,B2,ยอดขายเงินโอน,Sales-Transfer,1250,,342203.25
23/04/2026,B1,ยอดขายเงินสด,Sales-Cash,6360,,348563.25
23/04/2026,B1,ยอดขายเงินโอน,Sales-Transfer,3240,,351803.25
23/04/2026,B1,มะม่วง 2 ลัง,COGS,,1560,350243.25
23/04/2026,B1,แอปเปิ้ล 4 ลัง,COGS,,1400,348843.25
23/04/2026,B1,16/4/26 เนื้อ 10 น้ำ 10 21/4/26 เนื้อ 10,COGS,,2900,345943.25
23/04/2026,B1,มะม่วง 1 ลัง,COGS,,780,345163.25
23/04/2026,B2,ยอดขายเงินสด,Sales-Cash,3780,,348943.25
23/04/2026,B2,ยอดขายเงินโอน,Sales-Transfer,1430,,350373.25
24/04/2026,B1,ยอดขายเงินสด,Sales-Cash,4450,,354823.25
24/04/2026,B1,ยอดขายเงินโอน,Sales-Transfer,4250,,359073.25
24/04/2026,B1,บาร์เลย 4 ถั่วแดง 3 ถุงละ 60,COGS,,420,358653.25
24/04/2026,B1,แตงโม 50 ลูก,COGS,,4000,354653.25
24/04/2026,B2,ยอดขายเงินสด,Sales-Cash,3730,,358383.25
24/04/2026,B2,ยอดขายเงินโอน,Sales-Transfer,2830,,361213.25
25/04/2026,B1,ยอดขายเงินสด,Sales-Cash,4920,,366133.25
25/04/2026,B1,ยอดขายเงินโอน,Sales-Transfer,5330,,371463.25
25/04/2026,B1,22/04/69,COGS,,14400,357063.25
25/04/2026,B2,ยอดขายเงินสด,Sales-Cash,4940,,362003.25
25/04/2026,B2,ยอดขายเงินโอน,Sales-Transfer,2210,,364213.25
26/04/2026,B1,ยอดขายเงินสด,Sales-Cash,4330,,368543.25
26/04/2026,B1,ยอดขายเงินโอน,Sales-Transfer,4240,,372783.25
26/04/2026,B1,แก้ว 1 ลัง,COGS,,1539,371244.25
26/04/2026,B1,แก้ว3ลัง,COGS,,7090,364154.25
26/04/2026,B1,มะม่วง 1 ลัง,COGS,,780,363374.25
26/04/2026,B1,แอปเปิ้ล 4,COGS,,1400,361974.25
26/04/2026,B2,ยอดขายเงินสด,Sales-Cash,3950,,365924.25
26/04/2026,B2,ยอดขายเงินโอน,Sales-Transfer,1820,,367744.25
27/04/2026,B1,ยอดขายเงินสด,Sales-Cash,5570,,373314.25
27/04/2026,B1,ยอดขายเงินโอน,Sales-Transfer,3350,,376664.25
27/04/2026,B1,26/4/26 50 ลูก,COGS,,4000,372664.25
27/04/2026,B2,ยอดขายเงินสด,Sales-Cash,3410,,376074.25
27/04/2026,B2,ยอดขายเงินโอน,Sales-Transfer,2100,,378174.25
28/04/2026,B1,ยอดขายเงินสด,Sales-Cash,4980,,383154.25
28/04/2026,B1,ยอดขายเงินโอน,Sales-Transfer,3040,,386194.25
28/04/2026,B1,หลอด 704(20ห่อ),COGS,,2110,384084.25
28/04/2026,B1,รอบ 27/04/69,COGS,,21600,362484.25
28/04/2026,B1,ค่าส่งมะพร้าว,COGS,,100,362384.25
28/04/2026,B1,แอปเปิ้ล 4 ลัง,COGS,,1400,360984.25
28/04/2026,B1,มะม่วง 2 ลัง,COGS,,1560,359424.25
28/04/2026,B2,ยอดขายเงินสด,Sales-Cash,3140,,362564.25
28/04/2026,B2,ยอดขายเงินโอน,Sales-Transfer,1520,,364084.25
29/04/2026,B1,ยอดขายเงินสด,Sales-Cash,4490,,368574.25
29/04/2026,B1,ยอดขายเงินโอน,Sales-Transfer,2515,,371089.25
29/04/2026,B1,นมข้นหวาน1ลัง 836,COGS,,2160,368929.25
29/04/2026,B1,นมข้นหวาน2ลัง 1602,COGS,,3210,365719.25
29/04/2026,B1,แตงโม 60 ลูก,COGS,,4200,361519.25
29/04/2026,B1,เนื้อ 10 x 50 500,COGS,,2395,359124.25
29/04/2026,B2,ยอดขายเงินสด,Sales-Cash,4720,,363844.25
29/04/2026,B2,ยอดขายเงินโอน,Sales-Transfer,2580,,366424.25
30/04/2026,B1,ยอดขายเงินสด,Sales-Cash,6250,,372674.25
30/04/2026,B1,ยอดขายเงินโอน,Sales-Transfer,3980,,376654.25
30/04/2026,B1,สับปะรส 3 ตะกร้า,COGS,,1500,375154.25
30/04/2026,B1,Employee 1,OPEX,,19000,356154.25
30/04/2026,B1,Employee 2,OPEX,,12000,344154.25
30/04/2026,B1,Rent,OPEX,,35000,309154.25
30/04/2026,B1,Stock (Allocated 82.9%),COGS,,9948,299206.25
30/04/2026,B2,ยอดขายเงินสด,Sales-Cash,4800,,304006.25
30/04/2026,B2,ยอดขายเงินโอน,Sales-Transfer,1980,,305986.25
30/04/2026,B2,Employee 3,OPEX,,12000,293986.25
30/04/2026,B2,Employee 4,OPEX,,6000,287986.25
30/04/2026,B2,Rent,OPEX,,30000,257986.25
30/04/2026,B2,Stock (Allocated 17.1%),COGS,,2052,255934.25
01/05/2026,B1,ยอดขายเงินสด,Sales-Cash,8040,,263974.25
01/05/2026,B1,ยอดขายเงินโอน,Sales-Transfer,5730,,269704.25
01/05/2026,B1,ยอดขาย (ยังไม่แยกสด/โอน),Sales-Unsplit,180,,269884.25
01/05/2026,B1,ร่ม 1176 ร่ม 843 ฝรั่ง 300 นมข้นจืด 785 ที่ปั้ม 176,COGS,,7823,262061.25
01/05/2026,B2,ยอดขายเงินสด,Sales-Cash,6610,,268671.25
01/05/2026,B2,ยอดขายเงินโอน,Sales-Transfer,4100,,272771.25
02/05/2026,B1,ยอดขายเงินสด,Sales-Cash,9780,,282551.25
02/05/2026,B1,ยอดขายเงินโอน,Sales-Transfer,7290,,289841.25
02/05/2026,B1,มะม่วง 1 ลัง,COGS,,910,288931.25
02/05/2026,B1,แอปเปิ้ล 4 ลัง,COGS,,1500,287431.25
02/05/2026,B1,สับปะรด 30 ลูก,COGS,,1116,286315.25
02/05/2026,B1,ค่าหาหมอเอ,COGS,,706,285609.25
02/05/2026,B1,ค่าหมอเอ,COGS,,13,285596.25
02/05/2026,B2,ยอดขายเงินสด,Sales-Cash,7150,,292746.25
02/05/2026,B2,ยอดขายเงินโอน,Sales-Transfer,2910,,295656.25
03/05/2026,B1,ยอดขายเงินสด,Sales-Cash,7520,,303176.25
03/05/2026,B1,ยอดขายเงินโอน,Sales-Transfer,5010,,308186.25
03/05/2026,B2,ยอดขายเงินสด,Sales-Cash,6400,,314586.25
03/05/2026,B2,ยอดขายเงินโอน,Sales-Transfer,3390,,317976.25
04/05/2026,B1,ยอดขายเงินสด,Sales-Cash,6400,,324376.25
04/05/2026,B1,ยอดขายเงินโอน,Sales-Transfer,3630,,328006.25
04/05/2026,B1,ถุงมือ4อัน,COGS,,499,327507.25
04/05/2026,B1,แอปเปิ้ล 4 ลัง,COGS,,1400,326107.25
04/05/2026,B1,มะม่วง 2 ลัง,COGS,,1680,324427.25
04/05/2026,B1,30-4-2569 เบอร์ 70฿ 60 ลูก,OPEX,,7000,317427.25
04/05/2026,B2,ยอดขายเงินสด,Sales-Cash,5070,,322497.25
04/05/2026,B2,ยอดขายเงินโอน,Sales-Transfer,1500,,323997.25
05/05/2026,B1,ยอดขายเงินสด,Sales-Cash,4400,,328397.25
05/05/2026,B1,ยอดขายเงินโอน,Sales-Transfer,3520,,331917.25
05/05/2026,B2,ยอดขายเงินสด,Sales-Cash,3560,,335477.25
05/05/2026,B2,ยอดขายเงินโอน,Sales-Transfer,1990,,337467.25
06/05/2026,B1,ยอดขายเงินสด,Sales-Cash,4770,,342237.25
06/05/2026,B1,ยอดขายเงินโอน,Sales-Transfer,4060,,346297.25
06/05/2026,B1,ทิชชู่3แพค 36ห่อ,OPEX,,451,345846.25
06/05/2026,B1,มะม่วง 2 ลัง,COGS,,1750,344096.25
06/05/2026,B1,สับปะรด 18 ลูก,COGS,,486,343610.25
06/05/2026,B1,แอปเปิ้ล 4 ลัง,COGS,,1400,342210.25
06/05/2026,B2,ยอดขายเงินสด,Sales-Cash,3890,,346100.25
06/05/2026,B2,ยอดขายเงินโอน,Sales-Transfer,820,,346920.25
07/05/2026,B1,ยอดขายเงินสด,Sales-Cash,3010,,349930.25
07/05/2026,B1,ยอดขายเงินโอน,Sales-Transfer,2400,,352330.25
07/05/2026,B2,ยอดขายเงินสด,Sales-Cash,2160,,354490.25
07/05/2026,B2,ยอดขายเงินโอน,Sales-Transfer,860,,355350.25
07/05/2026,B2,ค่าเช่าร้าน 2 เดือนพฤษภาคม,OPEX,,30000,325350.25
08/05/2026,B1,ยอดขายเงินสด,Sales-Cash,4350,,329700.25
08/05/2026,B1,ยอดขายเงินโอน,Sales-Transfer,2480,,332180.25
08/05/2026,B1,น้ำ 20 ขวด 900 ถอดเสื้อ 30 ลูก750 กล่องโฟม 3,COGS,,4555,327625.25
08/05/2026,B1,น้ำมะร้าว 1 ลัง,COGS,,1100,326525.25
08/05/2026,B1,6 พ.ค. น้ำ 30 ขวด 1500 บาท เนื้อ 11 โล 1320 บาท,COGS,,2820,323705.25
08/05/2026,B1,ค่าทำความสะอาดตึกชั้น 1,OPEX,,2700,321005.25
08/05/2026,B1,"4-5-2569 เบอร์ 70฿ 60 ลูก ยอด 4,200",OPEX,,8200,312805.25
08/05/2026,B2,ยอดขายเงินสด,Sales-Cash,2740,,315545.25
08/05/2026,B2,ยอดขายเงินโอน,Sales-Transfer,1440,,316985.25
09/05/2026,B1,ยอดขายเงินสด,Sales-Cash,4350,,321335.25
09/05/2026,B1,ยอดขายเงินโอน,Sales-Transfer,5330,,326665.25
09/05/2026,B1,พรหมเช็ดเท้า 1 ผืน,OPEX,,372,326293.25
09/05/2026,B1,นมข้นจืด 1ลัง 636,COGS,,1122,325171.25
09/05/2026,B1,นมข้น 3 ลัง 2568,COGS,,4875,320296.25
09/05/2026,B1,"แก้ว3ลัง 5,301",COGS,,6132,314164.25
09/05/2026,B1,ถุงมือ 20 กล่อง 2246 ฝา1ลัง 969,COGS,,4496,309668.25
09/05/2026,B1,Lalamove,COGS,,2000,307668.25
09/05/2026,B2,ยอดขายเงินสด,Sales-Cash,3601,,311269.25
09/05/2026,B2,ยอดขายเงินโอน,Sales-Transfer,2160,,313429.25
10/05/2026,B1,ยอดขายเงินสด,Sales-Cash,6410,,319839.25
10/05/2026,B1,ยอดขายเงินโอน,Sales-Transfer,4280,,324119.25
10/05/2026,B1,ไฟ 2อัน 422,OPEX,,838,323281.25
10/05/2026,B2,ยอดขายเงินสด,Sales-Cash,4560,,327841.25
10/05/2026,B2,ยอดขายเงินโอน,Sales-Transfer,1440,,329281.25
11/05/2026,B1,ยอดขายเงินสด,Sales-Cash,3540,,332821.25
11/05/2026,B1,ยอดขายเงินโอน,Sales-Transfer,2915,,335736.25
11/05/2026,B1,ฝรั่ง 1 ตะกร้า,COGS,,600,335136.25
11/05/2026,B1,มะม่วง 1 ลัง,COGS,,910,334226.25
11/05/2026,B1,แตงโม 4000 วันที่ 9-5-26,COGS,,4000,330226.25
11/05/2026,B2,ยอดขายเงินสด,Sales-Cash,5370,,335596.25
11/05/2026,B2,ยอดขายเงินโอน,Sales-Transfer,2410,,338006.25
12/05/2026,B1,ยอดขายเงินสด,Sales-Cash,3230,,341236.25
12/05/2026,B1,ยอดขายเงินโอน,Sales-Transfer,1660,,342896.25
12/05/2026,B1,เนื้อมะพร้าว 1 ลัง,COGS,,3500,339396.25
12/05/2026,B2,ยอดขายเงินสด,Sales-Cash,2550,,341946.25
12/05/2026,B2,ยอดขายเงินโอน,Sales-Transfer,970,,342916.25
12/05/2026,B2,ยอดขาย (ยังไม่แยกสด/โอน),Sales-Unsplit,-120,,342796.25
13/05/2026,B1,ยอดขายเงินสด,Sales-Cash,5350,,348146.25
13/05/2026,B1,ยอดขายเงินโอน,Sales-Transfer,4030,,352176.25
13/05/2026,B1,ที่หนีบ 6ตัว 374 บาท,OPEX,,374,351802.25
13/05/2026,B1,09/05/26 สับปะรด 2 ตะกร้า,COGS,,1008,350794.25
13/05/2026,B2,ยอดขายเงินสด,Sales-Cash,3540,,354334.25
13/05/2026,B2,ยอดขายเงินโอน,Sales-Transfer,2190,,356524.25
14/05/2026,B1,ยอดขายเงินสด,Sales-Cash,4330,,360854.25
14/05/2026,B1,ยอดขายเงินโอน,Sales-Transfer,3560,,364414.25
14/05/2026,B1,"11-5-2569 50 ลูก ยอด 4,000",OPEX,,8000,356414.25
14/05/2026,B1,ค่าเช่า+สต๊อกร้าน 1,OPEX,,47000,309414.25
14/05/2026,B1,ฝรั่ง 1 ตะกร้า,COGS,,600,308814.25
14/05/2026,B1,แอปเปิ้ล 3 ลัง,COGS,,1050,307764.25
14/05/2026,B1,มะม่วง 1 ลัง,COGS,,875,306889.25
14/05/2026,B2,ยอดขายเงินสด,Sales-Cash,4320,,311209.25
14/05/2026,B2,ยอดขายเงินโอน,Sales-Transfer,1230,,312439.25
15/05/2026,B1,ยอดขายเงินสด,Sales-Cash,6590,,319029.25
15/05/2026,B1,ยอดขายเงินโอน,Sales-Transfer,5110,,324139.25
15/05/2026,B1,15/05/69,COGS,,15730,308409.25
15/05/2026,B1,05/05/69 ส้ม 30x22กก 660กกx30,COGS,,21450,286959.25
15/05/2026,B2,ยอดขายเงินสด,Sales-Cash,5830,,292789.25
15/05/2026,B2,ยอดขายเงินโอน,Sales-Transfer,1350,,294139.25
16/05/2026,B1,ยอดขายเงินสด,Sales-Cash,4400,,298539.25
16/05/2026,B1,ยอดขายเงินโอน,Sales-Transfer,5330,,303869.25
16/05/2026,B1,Police fees -2000 2 head,COGS,,4290,299579.25
16/05/2026,B1,มะพร้าว 20 โล,COGS,,2400,297179.25
16/05/2026,B1,14/05/26 18 ลูก 504 บาท 16/05/26 18 ลูก,OPEX,,1008,296171.25
16/05/2026,B1,มะม่วง 1,COGS,,875,295296.25
16/05/2026,B2,ยอดขายเงินสด,Sales-Cash,3030,,298326.25
16/05/2026,B2,ยอดขายเงินโอน,Sales-Transfer,1560,,299886.25
17/05/2026,B1,ยอดขายเงินสด,Sales-Cash,2530,,302416.25
17/05/2026,B1,ยอดขายเงินโอน,Sales-Transfer,4100,,306516.25
17/05/2026,B2,ยอดขายเงินสด,Sales-Cash,2000,,308516.25
17/05/2026,B2,ยอดขายเงินโอน,Sales-Transfer,1570,,310086.25
18/05/2026,B1,ยอดขายเงินสด,Sales-Cash,3630,,313716.25
18/05/2026,B1,ยอดขายเงินโอน,Sales-Transfer,3160,,316876.25
18/05/2026,B2,ยอดขายเงินสด,Sales-Cash,4350,,321226.25
18/05/2026,B2,ยอดขายเงินโอน,Sales-Transfer,1760,,322986.25
19/05/2026,B1,ยอดขายเงินสด,Sales-Cash,2660,,325646.25
19/05/2026,B1,ยอดขายเงินโอน,Sales-Transfer,930,,326576.25
19/05/2026,B1,มะม่วง 1 ลัง (25 โล),COGS,,875,325701.25
19/05/2026,B1,ฝรั่ง 1 ลัง,COGS,,600,325101.25
19/05/2026,B1,แอปเปิ้ล 4 ลังครับ,COGS,,1400,323701.25
19/05/2026,B1,36*18 648,COGS,,648,323053.25
19/05/2026,B2,ยอดขายเงินสด,Sales-Cash,2380,,325433.25
19/05/2026,B2,ยอดขายเงินโอน,Sales-Transfer,450,,325883.25
20/05/2026,B1,ยอดขายเงินสด,Sales-Cash,1700,,327583.25
20/05/2026,B1,ยอดขายเงินโอน,Sales-Transfer,1055,,328638.25
20/05/2026,B2,ยอดขายเงินสด,Sales-Cash,1870,,330508.25
20/05/2026,B2,ยอดขายเงินโอน,Sales-Transfer,610,,331118.25
22/05/2026,B1,ยอดขายเงินสด,Sales-Cash,5160,,336278.25
22/05/2026,B1,ยอดขายเงินโอน,Sales-Transfer,2330,,338608.25
22/05/2026,B1,แอปเปิ้ล 2 ลัง,COGS,,700,337908.25
22/05/2026,B1,สับปะรด 18 ลูก,COGS,,522,337386.25
22/05/2026,B1,มะม่วง 1 ลัง,COGS,,1000,336386.25
22/05/2026,B1,"16-5-2569ยอด 4,000฿",OPEX,,12000,324386.25
22/05/2026,B1,ฝรั่ง 1 ตะกร้า,COGS,,600,323786.25
22/05/2026,B1,ค่าขนส่ง,COGS,,2000,321786.25
22/05/2026,B2,ยอดขายเงินสด,Sales-Cash,3940,,325726.25
22/05/2026,B2,ยอดขายเงินโอน,Sales-Transfer,1720,,327446.25
23/05/2026,B1,ยอดขายเงินสด,Sales-Cash,5350,,332796.25
23/05/2026,B1,ยอดขายเงินโอน,Sales-Transfer,4030,,336826.25
23/05/2026,B1,แก้ว 3 ลัง,COGS,,4680,332146.25
23/05/2026,B1,ฝา1 788,COGS,,2902,329244.25
23/05/2026,B1,หลอด20 แพค (767),COGS,,1502,327742.25
23/05/2026,B2,ยอดขายเงินสด,Sales-Cash,3260,,331002.25
23/05/2026,B2,ยอดขายเงินโอน,Sales-Transfer,2480,,333482.25
24/05/2026,B1,ยอดขายเงินสด,Sales-Cash,4720,,338202.25
24/05/2026,B1,ยอดขายเงินโอน,Sales-Transfer,3830,,342032.25
24/05/2026,B2,ยอดขายเงินสด,Sales-Cash,4390,,346422.25
24/05/2026,B2,ยอดขายเงินโอน,Sales-Transfer,1530,,347952.25
25/05/2026,B1,ยอดขายเงินสด,Sales-Cash,5680,,353632.25
25/05/2026,B1,ยอดขายเงินโอน,Sales-Transfer,2370,,356002.25
25/05/2026,B1,สับปะรด 18 ลูก,COGS,,594,355408.25
25/05/2026,B1,แอปเปิ้ล 3 ลังครับ,COGS,,1050,354358.25
25/05/2026,B1,ค่าส่งส้ม Lalamove หักผ่านบัตร,COGS,,1245,353113.25
25/05/2026,B1,24/05/69,COGS,,15015,338098.25
25/05/2026,B1,เงินเดือนซี เดือนพ.ค.,OPEX,,7800,330298.25
25/05/2026,B1,ฝรั่ง 1 ตะกร้า,COGS,,600,329698.25
25/05/2026,B1,มะม่วง 1 ลัง,COGS,,1000,328698.25
25/05/2026,B2,ยอดขายเงินสด,Sales-Cash,3830,,332528.25
25/05/2026,B2,ยอดขายเงินโอน,Sales-Transfer,1940,,334468.25
26/05/2026,B1,ยอดขายเงินสด,Sales-Cash,3710,,338178.25
26/05/2026,B1,ยอดขายเงินโอน,Sales-Transfer,2850,,341028.25
26/05/2026,B2,ยอดขายเงินสด,Sales-Cash,2670,,343698.25
26/05/2026,B2,ยอดขายเงินโอน,Sales-Transfer,1470,,345168.25
27/05/2026,B1,ยอดขายเงินสด,Sales-Cash,3200,,348368.25
27/05/2026,B1,ยอดขายเงินโอน,Sales-Transfer,3040,,351408.25
27/05/2026,B1,เงินเดือนเมน 5/26,OPEX,,19000,332408.25
27/05/2026,B2,ยอดขายเงินสด,Sales-Cash,2840,,335248.25
27/05/2026,B2,ยอดขายเงินโอน,Sales-Transfer,1000,,336248.25
28/05/2026,B1,ยอดขายเงินสด,Sales-Cash,3940,,340188.25
28/05/2026,B1,ยอดขายเงินโอน,Sales-Transfer,2450,,342638.25
28/05/2026,B1,เครื่องสกัดเย็น 1,CAPEX,,1065,341573.25
28/05/2026,B1,มะพร้าวถอดเสื้อ 23 ลูก *35 ราคา 805 ค่าส่ง 150,COGS,,955,340618.25
28/05/2026,B2,ยอดขายเงินสด,Sales-Cash,2160,,342778.25
28/05/2026,B2,ยอดขายเงินโอน,Sales-Transfer,780,,343558.25
29/05/2026,B1,ยอดขายเงินสด,Sales-Cash,4280,,347838.25
29/05/2026,B1,ยอดขายเงินโอน,Sales-Transfer,4700,,352538.25
29/05/2026,B2,ยอดขายเงินสด,Sales-Cash,3830,,356368.25
29/05/2026,B2,ยอดขายเงินโอน,Sales-Transfer,3310,,359678.25
30/05/2026,B1,ยอดขายเงินสด,Sales-Cash,3910,,363588.25
30/05/2026,B1,ยอดขายเงินโอน,Sales-Transfer,3900,,367488.25
30/05/2026,B1,สับปะรด 18 ลูก,COGS,,576,366912.25
30/05/2026,B1,มะม่วง 1 ตะกร้า,COGS,,960,365952.25
30/05/2026,B1,Unknown,OPEX,,1050,364902.25
30/05/2026,B1,ฝรั่ง 1 ตะกร้า,COGS,,600,364302.25
30/05/2026,B2,ยอดขายเงินสด,Sales-Cash,3650,,367952.25
30/05/2026,B2,ยอดขายเงินโอน,Sales-Transfer,2090,,370042.25
31/05/2026,B1,ยอดขายเงินสด,Sales-Cash,3470,,373512.25
31/05/2026,B1,ยอดขายเงินโอน,Sales-Transfer,2810,,376322.25
31/05/2026,B1,Stock Adjustment (Allocated to B2),COGS,,-4830,381152.25
31/05/2026,B2,ยอดขายเงินสด,Sales-Cash,2810,,383962.25
31/05/2026,B2,ยอดขายเงินโอน,Sales-Transfer,2110,,386072.25
31/05/2026,B2,Employee 3,OPEX,,12000,374072.25
31/05/2026,B2,Employee 4,OPEX,,6000,368072.25
31/05/2026,B2,Stock (Allocated 40.25%),COGS,,4830,363242.25
01/06/2026,B1,ยอดขายเงินสด,Sales-Cash,2020,,365262.25
01/06/2026,B1,ยอดขายเงินโอน,Sales-Transfer,4500,,369762.25
01/06/2026,B2,ยอดขายเงินสด,Sales-Cash,4220,,373982.25
01/06/2026,B2,ยอดขายเงินโอน,Sales-Transfer,1640,,375622.25
01/06/2026,B2,ค่าที่ร้านน้ำส้ม b2 06/26,OPEX,,30000,345622.25
02/06/2026,B1,ยอดขายเงินสด,Sales-Cash,4410,,350032.25
02/06/2026,B1,ยอดขายเงินโอน,Sales-Transfer,2940,,352972.25
02/06/2026,B1,สับปะรด ราคา 31*18 ลูก 558,COGS,,558,352414.25
02/06/2026,B1,ฝรั่ง 1 ตะกร้า,COGS,,600,351814.25
02/06/2026,B1,"แตงโม 160 ลูก (25-5-2569: 80 ลูก, 30-5-2569: 80 ลูก)",COGS,,8000,343814.25
02/06/2026,B2,ยอดขายเงินสด,Sales-Cash,2610,,346424.25
02/06/2026,B2,ยอดขายเงินโอน,Sales-Transfer,1510,,347934.25
03/06/2026,B1,ยอดขายเงินสด,Sales-Cash,2550,,350484.25
03/06/2026,B1,ยอดขายเงินโอน,Sales-Transfer,2470,,352954.25
03/06/2026,B2,ยอดขายเงินสด,Sales-Cash,2860,,355814.25
03/06/2026,B2,ยอดขายเงินโอน,Sales-Transfer,2350,,358164.25
04/06/2026,B1,ยอดขายเงินสด,Sales-Cash,3020,,361184.25
04/06/2026,B1,ยอดขายเงินโอน,Sales-Transfer,1660,,362844.25
04/06/2026,B1,Watermelon 750+pineapple - 750,COGS,,5750,357094.25
04/06/2026,B1,ฝรั่ง 1 ตะกร้า,COGS,,700,356394.25
04/06/2026,B1,มะม่วง 1 ลัง,COGS,,1040,355354.25
04/06/2026,B1,แอพเปิ้ล 4 ลัง,COGS,,1400,353954.25
04/06/2026,B1,สับปะรด 2 ลูก,COGS,,36,353918.25
04/06/2026,B1,ขวดใหญ่ 1000ml 98 ใบ 364 ถุงเล็ก 20,COGS,,764,353154.25
04/06/2026,B2,ยอดขายเงินสด,Sales-Cash,2020,,355174.25
04/06/2026,B2,ยอดขายเงินโอน,Sales-Transfer,1660,,356834.25
05/06/2026,B1,ยอดขายเงินสด,Sales-Cash,5930,,362764.25
05/06/2026,B1,ยอดขายเงินโอน,Sales-Transfer,2590,,365354.25
05/06/2026,B1,สับปะรด 33*18 รวม 594,COGS,,594,364760.25
05/06/2026,B1,"แตงโม 100 ลูก (2-6-2569: 50 ลูก, 4-6-2569: 50 ลูก)",COGS,,8000,356760.25
05/06/2026,B2,ยอดขายเงินสด,Sales-Cash,4140,,360900.25
05/06/2026,B2,ยอดขายเงินโอน,Sales-Transfer,1740,,362640.25
06/06/2026,B1,ยอดขายเงินสด,Sales-Cash,4240,,366880.25
06/06/2026,B1,ยอดขายเงินโอน,Sales-Transfer,3950,,370830.25
06/06/2026,B2,ยอดขายเงินสด,Sales-Cash,2640,,373470.25
06/06/2026,B2,ยอดขายเงินโอน,Sales-Transfer,2310,,375780.25
07/06/2026,B1,ยอดขายเงินสด,Sales-Cash,3880,,379660.25
07/06/2026,B1,ยอดขายเงินโอน,Sales-Transfer,3450,,383110.25
07/06/2026,B1,"ส้ม 20x22กก 440กกx30 13,200บาท",COGS,,14300,368810.25
07/06/2026,B2,ยอดขายเงินสด,Sales-Cash,2440,,371250.25
07/06/2026,B2,ยอดขายเงินโอน,Sales-Transfer,1560,,372810.25
08/06/2026,B1,ยอดขายเงินสด,Sales-Cash,2730,,375540.25
08/06/2026,B1,ยอดขายเงินโอน,Sales-Transfer,2740,,378280.25
08/06/2026,B1,Lalamove,COGS,,2000,376280.25
08/06/2026,B1,Stock June 2026 (split from rent slip),COGS,,12000,364280.25
08/06/2026,B1,ค่าเช่าร้านเดือน June (06) b1 35000,OPEX,,35000,329280.25
08/06/2026,B1,สับปะรด 15 ลูก,COGS,,504,328776.25
08/06/2026,B1,มะม่วง 1 ลัง,COGS,,1170,327606.25
08/06/2026,B1,แอปเปิ้ล 5 ลัง,COGS,,1750,325856.25
08/06/2026,B1,ฝรั่ง 1 ตะกร้า,COGS,,700,325156.25
08/06/2026,B2,ยอดขายเงินสด,Sales-Cash,2210,,327366.25
08/06/2026,B2,ยอดขายเงินโอน,Sales-Transfer,1170,,328536.25
08/06/2026,B2,"ค่าเช่าสต็อค เดือน June (B2 portion, split from joint ฿12,000 - see B1 for other half)",OPEX,,6000,322536.25
09/06/2026,B1,ยอดขายเงินสด,Sales-Cash,2250,,324786.25
09/06/2026,B1,ยอดขายเงินโอน,Sales-Transfer,2760,,327546.25
09/06/2026,B1,"แก้ว 1937*3 รวม 5,811",COGS,,6659,320887.25
09/06/2026,B1,หลอด 20 แพ็ก 671,COGS,,1149,319738.25
09/06/2026,B1,ฝา1 714,COGS,,714,319024.25
09/06/2026,B1,ถุงขยะ 4แพคใหญ่ 1019,COGS,,1830,317194.25
09/06/2026,B2,ยอดขายเงินสด,Sales-Cash,1910,,319104.25
09/06/2026,B2,ยอดขายเงินโอน,Sales-Transfer,950,,320054.25
10/06/2026,B1,ยอดขายเงินสด,Sales-Cash,2250,,322304.25
10/06/2026,B1,ยอดขายเงินโอน,Sales-Transfer,2270,,324574.25
10/06/2026,B2,ยอดขายเงินสด,Sales-Cash,1980,,326554.25
10/06/2026,B2,ยอดขายเงินโอน,Sales-Transfer,860,,327414.25
11/06/2026,B1,ยอดขายเงินสด,Sales-Cash,2600,,330014.25
11/06/2026,B1,ยอดขายเงินโอน,Sales-Transfer,1440,,331454.25
11/06/2026,B1,ฝรั่ง 1 ลัง,COGS,,700,330754.25
11/06/2026,B2,ยอดขายเงินสด,Sales-Cash,1500,,332254.25
11/06/2026,B2,ยอดขายเงินโอน,Sales-Transfer,790,,333044.25
12/06/2026,B1,ยอดขายเงินสด,Sales-Cash,1530,,334574.25
12/06/2026,B1,ยอดขายเงินโอน,Sales-Transfer,1540,,336114.25
12/06/2026,B1,"น้ำมะพร้าว50*20 1,000",COGS,,2200,333914.25
12/06/2026,B1,มะม่วง 1 ลัง,COGS,,1170,332744.25
12/06/2026,B1,แอปเปิ้ล 5 ลัง,COGS,,1750,330994.25
12/06/2026,B1,สับปะรด 19 ลูก,COGS,,950,330044.25
12/06/2026,B2,ยอดขายเงินสด,Sales-Cash,1020,,331064.25
12/06/2026,B2,ยอดขายเงินโอน,Sales-Transfer,380,,331444.25
13/06/2026,B1,ยอดขายเงินสด,Sales-Cash,4950,,336394.25
13/06/2026,B1,ยอดขายเงินโอน,Sales-Transfer,4270,,340664.25
13/06/2026,B2,ยอดขายเงินสด,Sales-Cash,4380,,345044.25
13/06/2026,B2,ยอดขายเงินโอน,Sales-Transfer,3150,,348194.25
14/06/2026,B1,ยอดขายเงินสด,Sales-Cash,3050,,351244.25
14/06/2026,B1,ยอดขายเงินโอน,Sales-Transfer,2970,,354214.25
14/06/2026,B1,"แตงโม 90 ลูก (7-6-2569: 45 ลูก, 12-6-2569: 45 ลูก)",COGS,,7200,347014.25
14/06/2026,B2,ยอดขายเงินสด,Sales-Cash,3560,,350574.25
14/06/2026,B2,ยอดขายเงินโอน,Sales-Transfer,1530,,352104.25
15/06/2026,B1,ยอดขายเงินสด,Sales-Cash,4290,,356394.25
15/06/2026,B1,ยอดขายเงินโอน,Sales-Transfer,2790,,359184.25
15/06/2026,B1,สับปะรด 1 ลูก,COGS,,50,359134.25
15/06/2026,B1,Unknown,COGS,,18,359116.25
15/06/2026,B1,สับปะรด 12 ลูก,COGS,,525,358591.25
15/06/2026,B1,ฝรั่ง 1 ตะกร้า,COGS,,800,357791.25
15/06/2026,B2,ยอดขายเงินสด,Sales-Cash,2370,,360161.25
15/06/2026,B2,ยอดขายเงินโอน,Sales-Transfer,1490,,361651.25
16/06/2026,B1,ยอดขายเงินสด,Sales-Cash,1200,,362851.25
16/06/2026,B1,ยอดขายเงินโอน,Sales-Transfer,2990,,365841.25
16/06/2026,B2,ยอดขายเงินสด,Sales-Cash,1820,,367661.25
16/06/2026,B2,ยอดขายเงินโอน,Sales-Transfer,940,,368601.25
17/06/2026,B1,ยอดขายเงินสด,Sales-Cash,5530,,374131.25
17/06/2026,B1,ยอดขายเงินโอน,Sales-Transfer,2920,,377051.25
17/06/2026,B1,รอบ 09/06/69,COGS,,16445,360606.25
17/06/2026,B1,รอบ 09/06/69,COGS,,16445,344161.25
17/06/2026,B2,ยอดขายเงินสด,Sales-Cash,4540,,348701.25
17/06/2026,B2,ยอดขายเงินโอน,Sales-Transfer,1110,,349811.25
18/06/2026,B1,ยอดขายเงินสด,Sales-Cash,3960,,353771.25
18/06/2026,B1,ยอดขายเงินโอน,Sales-Transfer,1000,,354771.25
18/06/2026,B1,มะม่วง 1 ลัง,COGS,,1300,353471.25
18/06/2026,B1,เนื้อมะพร้าว 20 * 120 2400 น้ำมะพร้าว 20 *,COGS,,3400,350071.25
18/06/2026,B1,ฝรั่ง 1 ตะกร้า,COGS,,800,349271.25
18/06/2026,B1,ฝรั่ง 1 ตะกร้า,COGS,,800,348471.25
18/06/2026,B1,เนื้อมะพร้าว 20 * 120 2400 น้ำมะพร้าว 20 *,COGS,,3400,345071.25
18/06/2026,B1,มะม่วง 1 ลัง,COGS,,1300,343771.25
18/06/2026,B2,ยอดขายเงินสด,Sales-Cash,1390,,345161.25
18/06/2026,B2,ยอดขายเงินโอน,Sales-Transfer,350,,345511.25
19/06/2026,B1,ยอดขายเงินสด,Sales-Cash,840,,346351.25
19/06/2026,B1,ยอดขายเงินโอน,Sales-Transfer,2040,,348391.25
19/06/2026,B1,น้ำมะพร้าว40ลิตร ลิตรละ45บาท,COGS,,5700,342691.25
19/06/2026,B1,น้ำยาล้างจาน 7 ถุง ผงซักฟอก 1,COGS,,149,342542.25
19/06/2026,B1,น้ำยาล้างจาน 7 ถุง ผงซักฟอก 1,COGS,,149,342393.25
19/06/2026,B1,น้ำมะพร้าว40ลิตร ลิตรละ45บาท,COGS,,5700,336693.25
19/06/2026,B2,ยอดขายเงินสด,Sales-Cash,1630,,338323.25
19/06/2026,B2,ยอดขายเงินโอน,Sales-Transfer,1120,,339443.25
20/06/2026,B1,ยอดขายเงินสด,Sales-Cash,6190,,345633.25
20/06/2026,B1,ยอดขายเงินโอน,Sales-Transfer,5440,,351073.25
20/06/2026,B2,ยอดขายเงินสด,Sales-Cash,3790,,354863.25
20/06/2026,B2,ยอดขายเงินโอน,Sales-Transfer,2310,,357173.25
21/06/2026,B1,ยอดขายเงินสด,Sales-Cash,5600,,362773.25
21/06/2026,B1,ยอดขายเงินโอน,Sales-Transfer,3080,,365853.25
21/06/2026,B1,"15-6-2569 แตงโม 50บาท 50 ลูก ยอด 2,500",COGS,,6500,359353.25
21/06/2026,B2,ยอดขายเงินสด,Sales-Cash,3880,,363233.25
21/06/2026,B2,ยอดขายเงินโอน,Sales-Transfer,1980,,365213.25
22/06/2026,B1,ยอดขายเงินสด,Sales-Cash,4910,,370123.25
22/06/2026,B1,ยอดขายเงินโอน,Sales-Transfer,3120,,373243.25
22/06/2026,B1,สับปะรด 15 ลูก,COGS,,700,372543.25
22/06/2026,B1,มะม่วง 2 ลัง,COGS,,1632,370911.25
22/06/2026,B1,Lalamove,COGS,,2000,368911.25
22/06/2026,B1,แอพเปิ้ล 5 ลัง,COGS,,1750,367161.25
22/06/2026,B1,สับปะรด 15 ลูก,COGS,,700,366461.25
22/06/2026,B1,ฝรั่ง 1 ลัง,COGS,,700,365761.25
22/06/2026,B2,ยอดขายเงินสด,Sales-Cash,3370,,369131.25
22/06/2026,B2,ยอดขายเงินโอน,Sales-Transfer,850,,369981.25
23/06/2026,B1,ยอดขายเงินสด,Sales-Cash,3760,,373741.25
23/06/2026,B1,ยอดขายเงินโอน,Sales-Transfer,4040,,377781.25
23/06/2026,B2,ยอดขายเงินสด,Sales-Cash,3500,,381281.25
23/06/2026,B2,ยอดขายเงินโอน,Sales-Transfer,900,,382181.25
24/06/2026,B1,ยอดขายเงินสด,Sales-Cash,3820,,386001.25
24/06/2026,B1,ยอดขายเงินโอน,Sales-Transfer,1850,,387851.25
24/06/2026,B1,"นมข้นจืด 2,221",COGS,,5020,382831.25
24/06/2026,B1,นมข้นจืด1ลัง,COGS,,600,382231.25
24/06/2026,B1,นมข้นหวาน1ลัง,COGS,,840,381391.25
24/06/2026,B2,ยอดขายเงินสด,Sales-Cash,1620,,383011.25
24/06/2026,B2,ยอดขายเงินโอน,Sales-Transfer,410,,383421.25
25/06/2026,B1,ยอดขายเงินสด,Sales-Cash,1310,,384731.25
25/06/2026,B1,ยอดขายเงินโอน,Sales-Transfer,2540,,387271.25
25/06/2026,B1,แตงโม 22-6-2569 30 ลูก 2400 25-6-2569 40,COGS,,6000,381271.25
25/06/2026,B2,ยอดขายเงินสด,Sales-Cash,770,,382041.25
25/06/2026,B2,ยอดขายเงินโอน,Sales-Transfer,650,,382691.25
26/06/2026,B1,ยอดขายเงินสด,Sales-Cash,2720,,385411.25
26/06/2026,B1,ยอดขายเงินโอน,Sales-Transfer,3140,,388551.25
26/06/2026,B2,ยอดขายเงินสด,Sales-Cash,2170,,390721.25
26/06/2026,B2,ยอดขายเงินโอน,Sales-Transfer,440,,391161.25
27/06/2026,B1,ยอดขายเงินสด,Sales-Cash,6430,,397591.25
27/06/2026,B1,ยอดขายเงินโอน,Sales-Transfer,4250,,401841.25
27/06/2026,B1,ถุงมือ20กล่อง 2589,COGS,,4598,397243.25
27/06/2026,B1,หลอด 20 แพค,COGS,,630,396613.25
27/06/2026,B1,Unknown,OPEX,,317,396296.25
27/06/2026,B2,ยอดขายเงินสด,Sales-Cash,3290,,399586.25
27/06/2026,B2,ยอดขายเงินโอน,Sales-Transfer,2580,,402166.25
28/06/2026,B1,ยอดขายเงินสด,Sales-Cash,2310,,404476.25
28/06/2026,B1,ยอดขายเงินโอน,Sales-Transfer,4110,,408586.25
28/06/2026,B2,ยอดขายเงินสด,Sales-Cash,880,,409466.25
28/06/2026,B2,ยอดขายเงินโอน,Sales-Transfer,1200,,410666.25
29/06/2026,B1,ยอดขายเงินสด,Sales-Cash,2080,,412746.25
29/06/2026,B1,ยอดขายเงินโอน,Sales-Transfer,1770,,414516.25
29/06/2026,B1,ฝาแก้วภูเขาไฟ 1ลัง(954) 10แถว(987) 5แถว(561),COGS,,2502,412014.25
29/06/2026,B1,"แก้ว2ลัง 1468*2 2,936",COGS,,3498,408516.25
29/06/2026,B1,ฝา8แถว,COGS,,896,407620.25
29/06/2026,B1,สกัดเย็น1เครื่อง,OPEX,,1402,406218.25
29/06/2026,B1,ฝรั่ง 1 ตะกร้า,COGS,,800,405418.25
29/06/2026,B1,มังคุด 3 ตะกร้า,OPEX,,1932,403486.25
29/06/2026,B1,Apple 2 box,OPEX,,700,402786.25
29/06/2026,B1,สับปะรด 15 ลูก,COGS,,675,402111.25
29/06/2026,B1,รอบ 18/06/69,COGS,,17815,384296.25
29/06/2026,B2,ยอดขายเงินสด,Sales-Cash,2710,,387006.25
29/06/2026,B2,ยอดขายเงินโอน,Sales-Transfer,440,,387446.25
30/06/2026,B1,ยอดขายเงินสด,Sales-Cash,4090,,391536.25
30/06/2026,B1,ยอดขายเงินโอน,Sales-Transfer,2640,,394176.25
30/06/2026,B1,ค่าแรง 4 คน คนคนละ 12000 และ รายวัน 1,OPEX,,48400,345776.25
30/06/2026,B2,ยอดขายเงินสด,Sales-Cash,1870,,347646.25
30/06/2026,B2,ยอดขายเงินโอน,Sales-Transfer,310,,347956.25
30/06/2026,B2,"ค่าแรง 2 คน คนละ 12000 (B2 portion, split from joint payroll transfer ฿48,400 - see B1 for other portion)",OPEX,,24000,323956.25
30/06/2026,B2,"รายวัน 1 คน 400 (B2 portion, part of joint payroll transfer ฿48,400)",OPEX,,400,323556.25
01/07/2026,B1,ยอดขายเงินสด,Sales-Cash,3270,,326826.25
01/07/2026,B1,ยอดขายเงินโอน,Sales-Transfer,1380,,328206.25
01/07/2026,B2,ยอดขายเงินสด,Sales-Cash,3010,,331216.25
01/07/2026,B2,ยอดขายเงินโอน,Sales-Transfer,2190,,333406.25
02/07/2026,B1,ยอดขายเงินสด,Sales-Cash,1060,,334466.25
02/07/2026,B1,ยอดขายเงินโอน,Sales-Transfer,440,,334906.25
02/07/2026,B1,ค่าส่งส้มเดือน 6 (LINE_ALBUM_Cost July_260802_29.jpg),COGS,,1598,333308.25
02/07/2026,B2,ยอดขายเงินสด,Sales-Cash,220,,333528.25
02/07/2026,B2,ยอดขายเงินโอน,Sales-Transfer,190,,333718.25
03/07/2026,B1,ยอดขายเงินสด,Sales-Cash,6030,,339748.25
03/07/2026,B1,ยอดขายเงินโอน,Sales-Transfer,3550,,343298.25
03/07/2026,B1,1 สับปะรด 15 ลูก 750 2 สับปะรด 15 ลูก 729 (LINE_ALBUM_Cost July_260802_30.jpg),COGS,,1479,341819.25
03/07/2026,B1,แอปเปิ้ล 3 ลัง (LINE_ALBUM_Cost July_260802_31.jpg),COGS,,1140,340679.25
03/07/2026,B1,มะม่วง 1 ลัง (LINE_ALBUM_Cost July_260802_32.jpg),COGS,,1040,339639.25
03/07/2026,B1,ฝรั่ง 1 ลัง (LINE_ALBUM_Cost July_260802_33.jpg),COGS,,900,338739.25
03/07/2026,B1,ค่าส่ง (LINE_ALBUM_Cost July_260802_34.jpg),OPEX,,2000,336739.25
03/07/2026,B2,ยอดขายเงินสด,Sales-Cash,5020,,341759.25
03/07/2026,B2,ยอดขายเงินโอน,Sales-Transfer,1940,,343699.25
04/07/2026,B1,ยอดขายเงินสด,Sales-Cash,5660,,349359.25
04/07/2026,B1,ยอดขายเงินโอน,Sales-Transfer,3790,,353149.25
04/07/2026,B2,ยอดขายเงินสด,Sales-Cash,3000,,356149.25
04/07/2026,B2,ยอดขายเงินโอน,Sales-Transfer,2200,,358349.25
05/07/2026,B1,ยอดขายเงินสด,Sales-Cash,4740,,363089.25
05/07/2026,B1,ยอดขายเงินโอน,Sales-Transfer,4020,,367109.25
05/07/2026,B2,ยอดขายเงินสด,Sales-Cash,2270,,369379.25
05/07/2026,B2,ยอดขายเงินโอน,Sales-Transfer,1280,,370659.25
06/07/2026,B1,ยอดขายเงินสด,Sales-Cash,3760,,374419.25
06/07/2026,B1,ยอดขายเงินโอน,Sales-Transfer,2240,,376659.25
06/07/2026,B1,ค่าเช่า stock เดือน june (1/3 split B1) (LINE_ALBUM_Cost July_260802_35.jpg),OPEX,,4000,372659.25
06/07/2026,B1,สับปะรด 20 ลูก (LINE_ALBUM_Cost July_260802_36.jpg),COGS,,783,371876.25
06/07/2026,B1,มะม่วง 2 ลัง (LINE_ALBUM_Cost July_260802_37.jpg),COGS,,2340,369536.25
06/07/2026,B1,ฝรั่ง 1 ตะกร้า (LINE_ALBUM_Cost July_260802_38.jpg),COGS,,900,368636.25
06/07/2026,B1,แอปเปิ้ล 3 ลัง (LINE_ALBUM_Cost July_260802_39.jpg),COGS,,900,367736.25
06/07/2026,B2,ยอดขายเงินสด,Sales-Cash,2820,,370556.25
06/07/2026,B2,ยอดขายเงินโอน,Sales-Transfer,910,,371466.25
06/07/2026,B2,ค่าเช่า stock เดือน june (1/3 split B2),OPEX,,4000,367466.25
06/07/2026,B3,ค่าเช่า stock เดือน june (1/3 split B3),OPEX,,4000,363466.25
07/07/2026,B1,ยอดขายเงินสด,Sales-Cash,3380,,366846.25
07/07/2026,B1,ยอดขายเงินโอน,Sales-Transfer,2180,,369026.25
07/07/2026,B2,ยอดขายเงินสด,Sales-Cash,2360,,371386.25
07/07/2026,B2,ยอดขายเงินโอน,Sales-Transfer,670,,372056.25
08/07/2026,B1,ยอดขายเงินสด,Sales-Cash,2660,,374716.25
08/07/2026,B1,ยอดขายเงินโอน,Sales-Transfer,1190,,375906.25
08/07/2026,B1,แตงโม 3-7-69 36 ลูก ลูกละ 80 บาท 6-7-69 50 ลูก ลูกละ 80 บาท (LINE_ALBUM_Cost July_260802_40.jpg),COGS,,6880,369026.25
08/07/2026,B1,เต้น (tent) (LINE_ALBUM_Cost July_260802_41.jpg),OPEX,,1342,367684.25
08/07/2026,B2,ยอดขายเงินสด,Sales-Cash,1470,,369154.25
08/07/2026,B2,ยอดขายเงินโอน,Sales-Transfer,830,,369984.25
09/07/2026,B1,ยอดขายเงินสด,Sales-Cash,4500,,374484.25
09/07/2026,B1,ยอดขายเงินโอน,Sales-Transfer,1880,,376364.25
09/07/2026,B1,น้ำ 25ลิตร ลิตรละ45บาท เนื้อคว้าน 50kg.กิโลละ 100บาท ค่าส่ง350บาท (LINE_ALBUM_Cost July_260802_42.jpg),COGS,,6470,369894.25
09/07/2026,B2,ยอดขายเงินสด,Sales-Cash,3250,,373144.25
09/07/2026,B2,ยอดขายเงินโอน,Sales-Transfer,1240,,374384.25
10/07/2026,B1,ยอดขายเงินสด,Sales-Cash,5500,,379884.25
10/07/2026,B1,ยอดขายเงินโอน,Sales-Transfer,4040,,383924.25
10/07/2026,B1,ฝรั่ง 1 ลัง (LINE_ALBUM_Cost July_260802_43.jpg),COGS,,900,383024.25
10/07/2026,B1,Apple 5 box (LINE_ALBUM_Cost July_260802_44.jpg),COGS,,1500,381524.25
10/07/2026,B2,ยอดขายเงินสด,Sales-Cash,3330,,384854.25
10/07/2026,B2,ยอดขายเงินโอน,Sales-Transfer,1700,,386554.25
11/07/2026,B1,ยอดขายเงินสด,Sales-Cash,5370,,391924.25
11/07/2026,B1,ยอดขายเงินโอน,Sales-Transfer,4190,,396114.25
11/07/2026,B1,ฝรั่ง 1 ตะกร้า (LINE_ALBUM_Cost July_260802_45.jpg),COGS,,900,395214.25
11/07/2026,B1,มะม่วง 3 ลัง (LINE_ALBUM_Cost July_260802_46.jpg),COGS,,4300,390914.25
11/07/2026,B1,แอปเปิ้ล 3 ลัง (LINE_ALBUM_Cost July_260802_47.jpg),COGS,,900,390014.25
11/07/2026,B2,ยอดขายเงินสด,Sales-Cash,2860,,392874.25
11/07/2026,B2,ยอดขายเงินโอน,Sales-Transfer,2030,,394904.25
11/07/2026,B3,ยอดขายเงินโอน,Sales-Transfer,5849,,400753.25
12/07/2026,B1,ยอดขายเงินสด,Sales-Cash,4340,,405093.25
12/07/2026,B1,ยอดขายเงินโอน,Sales-Transfer,4220,,409313.25
12/07/2026,B2,ยอดขายเงินสด,Sales-Cash,3070,,412383.25
12/07/2026,B2,ยอดขายเงินโอน,Sales-Transfer,2000,,414383.25
12/07/2026,B3,ยอดขายเงินโอน,Sales-Transfer,7124,,421507.25
13/07/2026,B1,ยอดขายเงินสด,Sales-Cash,6120,,427627.25
13/07/2026,B1,ยอดขายเงินโอน,Sales-Transfer,2770,,430397.25
13/07/2026,B1,ค่าขนส่ง (LINE_ALBUM_Cost July_260802_48.jpg),OPEX,,344,430053.25
13/07/2026,B1,ทิชชู4(636) หลอด20 (671) ถุงเล็ก3(605) ถุงใหญ่2(943) (LINE_ALBUM_Cost July_260802_49.jpg),COGS,,2855,427198.25
13/07/2026,B1,"แก้ว98 4ลัง 7656-635 7,021 ฝา635 (LINE_ALBUM_Cost July_260802_50.jpg)",COGS,,7656,419542.25
13/07/2026,B2,ยอดขายเงินสด,Sales-Cash,2300,,421842.25
13/07/2026,B2,ยอดขายเงินโอน,Sales-Transfer,1050,,422892.25
13/07/2026,B3,ยอดขายเงินโอน,Sales-Transfer,6109,,429001.25
14/07/2026,B1,ยอดขายเงินสด,Sales-Cash,3760,,432761.25
14/07/2026,B1,ยอดขายเงินโอน,Sales-Transfer,4190,,436951.25
14/07/2026,B1,11/7/69 10 ลูก 620 14/7/69 25 ลูก 1269 (LINE_ALBUM_Cost July_260802_51.jpg),COGS,,1889,435062.25
14/07/2026,B1,Apple 3 ลัง (LINE_ALBUM_Cost July_260802_52.jpg),COGS,,1200,433862.25
14/07/2026,B2,ยอดขายเงินสด,Sales-Cash,2790,,436652.25
14/07/2026,B2,ยอดขายเงินโอน,Sales-Transfer,1210,,437862.25
14/07/2026,B3,ยอดขายเงินโอน,Sales-Transfer,8430,,446292.25
15/07/2026,B1,ยอดขายเงินสด,Sales-Cash,4150,,450442.25
15/07/2026,B1,ยอดขายเงินโอน,Sales-Transfer,1510,,451952.25
15/07/2026,B1,ฝรั่ง 2 ตะกร้า ตะกร้าละ 20 โล (LINE_ALBUM_Cost July_260802_53.jpg),COGS,,2000,449952.25
15/07/2026,B2,ยอดขายเงินสด,Sales-Cash,3250,,453202.25
15/07/2026,B2,ยอดขายเงินโอน,Sales-Transfer,1220,,454422.25
15/07/2026,B3,ยอดขายเงินโอน,Sales-Transfer,8181,,462603.25
16/07/2026,B1,ยอดขายเงินสด,Sales-Cash,4490,,467093.25
16/07/2026,B1,ยอดขายเงินโอน,Sales-Transfer,2650,,469743.25
16/07/2026,B1,"รอบ 01/07/69 ส้ม 28x22กก 616กกx30 18,480บาท ค่าขนส่ง 28ตกx 55 1540 (LINE_ALBUM_Cost July_260802_54.jpg)",COGS,,20020,449723.25
16/07/2026,B2,ยอดขายเงินสด,Sales-Cash,1450,,451173.25
16/07/2026,B2,ยอดขายเงินโอน,Sales-Transfer,520,,451693.25
16/07/2026,B3,ยอดขายเงินโอน,Sales-Transfer,7737,,459430.25
17/07/2026,B1,ยอดขายเงินสด,Sales-Cash,5220,,464650.25
17/07/2026,B1,ยอดขายเงินโอน,Sales-Transfer,3240,,467890.25
17/07/2026,B1,ส้ม 125 โล 3450 ค่าส่ง 300 (LINE_ALBUM_Cost July_260802_55.jpg),COGS,,3750,464140.25
17/07/2026,B1,สับปะรด 25 ลูก (LINE_ALBUM_Cost July_260802_56.jpg),COGS,,1539,462601.25
17/07/2026,B1,แตงโม 10-7-69 50 ลูก 4000 11-7-69 40 ลูก 3200 (LINE_ALBUM_Cost July_260802_57.jpg),COGS,,7200,455401.25
17/07/2026,B1,ทุเรียน 50 โล โลละ 85 รวม 4250 มัดจำตะกร้า 200 (LINE_ALBUM_Cost July_260802_58.jpg),COGS,,4450,450951.25
17/07/2026,B1,แตงโม 14-7-69 50 ลูก 4000 (LINE_ALBUM_Cost July_260802_59.jpg),COGS,,4000,446951.25
17/07/2026,B1,มะม่วง 52 โล(2 ตะกร้า) โลละ 50 (LINE_ALBUM_Cost July_260802_60.jpg),COGS,,2600,444351.25
17/07/2026,B1,ฝรั่ง 2 ตะกร้า (ตะกร้าละ 20 โล) (LINE_ALBUM_Cost July_260802_61.jpg),COGS,,2000,442351.25
17/07/2026,B1,แอปเปิ้ล 5 ลัง (LINE_ALBUM_Cost July_260802_62.jpg),COGS,,2000,440351.25
17/07/2026,B1,น้ำ 30ลิตร ลิตรละ45บาท เนื้อมะพร้าว 50kg.กิโลละ 100บาท ค่าส่ง350 (LINE_ALBUM_Cost July_260802_63.jpg),COGS,,6700,433651.25
17/07/2026,B2,ยอดขายเงินสด,Sales-Cash,3910,,437561.25
17/07/2026,B2,ยอดขายเงินโอน,Sales-Transfer,1540,,439101.25
17/07/2026,B3,ยอดขายเงินโอน,Sales-Transfer,7321,,446422.25
18/07/2026,B1,ยอดขายเงินสด,Sales-Cash,6410,,452832.25
18/07/2026,B1,ยอดขายเงินโอน,Sales-Transfer,3950,,456782.25
18/07/2026,B2,ยอดขายเงินสด,Sales-Cash,3430,,460212.25
18/07/2026,B2,ยอดขายเงินโอน,Sales-Transfer,2740,,462952.25
18/07/2026,B3,ยอดขายเงินโอน,Sales-Transfer,9064,,472016.25
19/07/2026,B1,ยอดขายเงินสด,Sales-Cash,5340,,477356.25
19/07/2026,B1,ยอดขายเงินโอน,Sales-Transfer,3240,,480596.25
19/07/2026,B2,ยอดขายเงินสด,Sales-Cash,3280,,483876.25
19/07/2026,B2,ยอดขายเงินโอน,Sales-Transfer,1760,,485636.25
19/07/2026,B3,ยอดขายเงินโอน,Sales-Transfer,8925,,494561.25
20/07/2026,B1,ยอดขายเงินสด,Sales-Cash,6480,,501041.25
20/07/2026,B1,ยอดขายเงินโอน,Sales-Transfer,1900,,502941.25
20/07/2026,B1,ฝรั่ง 2 ตะกร้า (LINE_ALBUM_Cost July_260802_64.jpg),COGS,,2000,500941.25
20/07/2026,B1,สับปะรด 20 ลูก (LINE_ALBUM_Cost July_260802_65.jpg),COGS,,1296,499645.25
20/07/2026,B1,มะม่วง 2 ลัง (LINE_ALBUM_Cost July_260802_66.jpg),COGS,,2600,497045.25
20/07/2026,B1,แตงโม 17-7-2569 เบอร์ 80บาท 50 ลูก (LINE_ALBUM_Cost July_260802_67.jpg),COGS,,4000,493045.25
20/07/2026,B2,ยอดขายเงินสด,Sales-Cash,5190,,498235.25
20/07/2026,B2,ยอดขายเงินโอน,Sales-Transfer,1610,,499845.25
20/07/2026,B3,ยอดขายเงินโอน,Sales-Transfer,11046,,510891.25
21/07/2026,B1,ยอดขายเงินสด,Sales-Cash,5890,,516781.25
21/07/2026,B1,ยอดขายเงินโอน,Sales-Transfer,2880,,519661.25
21/07/2026,B1,(LINE_ALBUM_Cost July_260802_68.jpg),OPEX,,2000,517661.25
21/07/2026,B2,ยอดขายเงินสด,Sales-Cash,3800,,521461.25
21/07/2026,B2,ยอดขายเงินโอน,Sales-Transfer,1840,,523301.25
21/07/2026,B3,ยอดขายเงินโอน,Sales-Transfer,11646,,534947.25
22/07/2026,B1,ยอดขายเงินสด,Sales-Cash,1720,,536667.25
22/07/2026,B1,ยอดขายเงินโอน,Sales-Transfer,660,,537327.25
22/07/2026,B1,ส้ม 25x22กก รวม 550กกx30 บ รวม 16500บาท ค่าขนส่ง 25ตกx 50 บ 1250 (LINE_ALBUM_Cost July_260802_69.jpg),COGS,,17750,519577.25
22/07/2026,B1,แอปเปิ้ล 4 ลัง (LINE_ALBUM_Cost July_260802_70.jpg),COGS,,1600,517977.25
22/07/2026,B1,มะม่วง 78 กิโล 3 ลัง (LINE_ALBUM_Cost July_260802_71.jpg),COGS,,3900,514077.25
22/07/2026,B1,OPEX Avocado milk (LINE_ALBUM_Cost July_260802_74.jpg),OPEX,,440.75,513636.5
22/07/2026,B1,Opex knife (LINE_ALBUM_Cost July_260802_75.jpg),OPEX,,199,513437.5
22/07/2026,B1,Opex equipment (LINE_ALBUM_Cost July_260802_76.jpg),OPEX,,221,513216.5
22/07/2026,B1,Cogs Falcon milk (LINE_ALBUM_Cost July_260802_77.jpg),COGS,,716,512500.5
22/07/2026,B1,Opex B1 police fee 1000 / person (LINE_ALBUM_Cost July_260802_78.jpg),OPEX,,2000,510500.5
22/07/2026,B1,Opex equipments (LINE_ALBUM_Cost July_260802_79.jpg),OPEX,,506,509994.5
22/07/2026,B1,Opex other (LINE_ALBUM_Cost July_260802_80.jpg),OPEX,,1918,508076.5
22/07/2026,B2,ยอดขายเงินสด,Sales-Cash,960,,509036.5
22/07/2026,B2,ยอดขายเงินโอน,Sales-Transfer,630,,509666.5
22/07/2026,B2,Salary b2 wei 20days 450/day (LINE_ALBUM_Cost July_260802_72.jpg),OPEX,,9000,500666.5
22/07/2026,B3,ยอดขายเงินโอน,Sales-Transfer,9789,,510455.5
22/07/2026,B3,Salary b3 mike 15days 500/day (LINE_ALBUM_Cost July_260802_73.jpg),OPEX,,7500,502955.5
23/07/2026,B1,ยอดขายเงินสด,Sales-Cash,5340,,508295.5
23/07/2026,B1,ยอดขายเงินโอน,Sales-Transfer,3220,,511515.5
23/07/2026,B1,20-7-2569 ราคา 80 - 45ลูก 22-7-2569 ราคา 80 - 30 ลูก 23-7-2569 ราคา 80 - 30 ลูก (LINE_ALBUM_Cost July_260802_81.jpg),COGS,,8400,503115.5
23/07/2026,B1,ฝรั่ง 2 ลัง ลังละ 20 กิโล กิโลละ 50 บาท รวม 2000 บาท (LINE_ALBUM_Cost July_260802_82.jpg),COGS,,2000,501115.5
23/07/2026,B1,สับปะรด 41 กิโล *27 บาท รวม 1107 บาท (LINE_ALBUM_Cost July_260802_83.jpg),COGS,,1107,500008.5
23/07/2026,B2,ยอดขายเงินสด,Sales-Cash,1930,,501938.5
23/07/2026,B2,ยอดขายเงินโอน,Sales-Transfer,1180,,503118.5
23/07/2026,B3,ยอดขายเงินโอน,Sales-Transfer,6157,,509275.5
24/07/2026,B1,ยอดขายเงินสด,Sales-Cash,8080,,517355.5
24/07/2026,B1,ยอดขายเงินโอน,Sales-Transfer,3370,,520725.5
24/07/2026,B1,ฝา 1 ลัง 509 นมข้นหวาน 1 ลัง 785 นมข้นจืด 2 ลัง 1342 บาท (LINE_ALBUM_Cost July_260802_1.jpg),COGS,,2636,518089.5
24/07/2026,B1,ฝา 1 ลัง 502 บาท นมข้นหวาน 3 ลัง 2582 บาท (LINE_ALBUM_Cost July_260802_2.jpg),COGS,,3084,515005.5
24/07/2026,B1,ฝา 1 ลัง 474 นมข้นจืด 1 ลัง 751 (LINE_ALBUM_Cost July_260802_3.jpg),COGS,,1225,513780.5
24/07/2026,B1,ฝา 1 ลัง (LINE_ALBUM_Cost July_260802_4.jpg),COGS,,472,513308.5
24/07/2026,B1,Lalamove (LINE_ALBUM_Cost July_260802_5.jpg),OPEX,,2000,511308.5
24/07/2026,B2,ยอดขายเงินสด,Sales-Cash,3780,,515088.5
24/07/2026,B2,ยอดขายเงินโอน,Sales-Transfer,1750,,516838.5
24/07/2026,B3,ยอดขายเงินโอน,Sales-Transfer,8224,,525062.5
25/07/2026,B1,ยอดขายเงินสด,Sales-Cash,5860,,530922.5
25/07/2026,B1,ยอดขายเงินโอน,Sales-Transfer,4470,,535392.5
25/07/2026,B2,ยอดขายเงินสด,Sales-Cash,3010,,538402.5
25/07/2026,B2,ยอดขายเงินโอน,Sales-Transfer,2050,,540452.5
25/07/2026,B3,ยอดขายเงินโอน,Sales-Transfer,9184,,549636.5
26/07/2026,B1,ยอดขายเงินสด,Sales-Cash,9320,,558956.5
26/07/2026,B1,ยอดขายเงินโอน,Sales-Transfer,4830,,563786.5
26/07/2026,B1,Apple 5 box (LINE_ALBUM_Cost July_260802_6.jpg),COGS,,2000,561786.5
26/07/2026,B1,ฝรั่ง 2 ตะกร้า (LINE_ALBUM_Cost July_260802_7.jpg),COGS,,2000,559786.5
26/07/2026,B1,Cogs มะม่วง 3 ลัง 3900 และ งบลงทุน 810 (LINE_ALBUM_Cost July_260802_8.jpg),COGS,,4710,555076.5
26/07/2026,B1,น้ำมะพร้าว 30ลิตร 1350 เนื้อ 50kg 5000 ค่าส่ง 350 (LINE_ALBUM_Cost July_260802_9.jpg),COGS,,6700,548376.5
26/07/2026,B2,ยอดขายเงินสด,Sales-Cash,4280,,552656.5
26/07/2026,B2,ยอดขายเงินโอน,Sales-Transfer,3480,,556136.5
26/07/2026,B3,ยอดขายเงินโอน,Sales-Transfer,10668,,566804.5
27/07/2026,B1,ยอดขายเงินสด,Sales-Cash,4680,,571484.5
27/07/2026,B1,ยอดขายเงินโอน,Sales-Transfer,2610,,574094.5
27/07/2026,B1,Apple 4 box (LINE_ALBUM_Cost July_260802_10.jpg),COGS,,1600,572494.5
27/07/2026,B1,ฝรั่ง 2 ตะกร้า (LINE_ALBUM_Cost July_260802_11.jpg),COGS,,2000,570494.5
27/07/2026,B1,มะม่วง 2 ลัง (LINE_ALBUM_Cost July_260802_12.jpg),COGS,,2600,567894.5
27/07/2026,B1,แตงโม 40 ลูก (LINE_ALBUM_Cost July_260802_13.jpg),COGS,,3200,564694.5
27/07/2026,B2,ยอดขายเงินสด,Sales-Cash,3540,,568234.5
27/07/2026,B2,ยอดขายเงินโอน,Sales-Transfer,1500,,569734.5
27/07/2026,B3,ยอดขายเงินโอน,Sales-Transfer,6749,,576483.5
28/07/2026,B1,ยอดขายเงินสด,Sales-Cash,8260,,584743.5
28/07/2026,B1,ยอดขายเงินโอน,Sales-Transfer,5300,,590043.5
28/07/2026,B1,Lalamove (LINE_ALBUM_Cost July_260802_14.jpg),OPEX,,1000,589043.5
28/07/2026,B1,ฝรั่ง 2 ลัง (LINE_ALBUM_Cost July_260802_15.jpg),COGS,,2000,587043.5
28/07/2026,B1,แอปเปิ้ล 4 ลัง (LINE_ALBUM_Cost July_260802_16.jpg),COGS,,1600,585443.5
28/07/2026,B1,มะม่วง 2 ลัง (LINE_ALBUM_Cost July_260802_17.jpg),COGS,,2600,582843.5
28/07/2026,B1,แตงโม 40 ลูก (LINE_ALBUM_Cost July_260802_18.jpg),COGS,,3200,579643.5
28/07/2026,B2,ยอดขายเงินสด,Sales-Cash,3550,,583193.5
28/07/2026,B2,ยอดขายเงินโอน,Sales-Transfer,2200,,585393.5
28/07/2026,B3,ยอดขายเงินโอน,Sales-Transfer,6519,,591912.5
29/07/2026,B1,ยอดขายเงินสด,Sales-Cash,5330,,597242.5
29/07/2026,B1,ยอดขายเงินโอน,Sales-Transfer,2480,,599722.5
29/07/2026,B1,ค่าขนส่ง (LINE_ALBUM_Cost July_260802_19.jpg),OPEX,,2000,597722.5
29/07/2026,B1,"ส้ม 31x22กก 682กกx30 20,460บาท ค่าขนส่ง 31ตกx 50 1550 (LINE_ALBUM_Cost July_260802_20.jpg)",COGS,,22010,575712.5
29/07/2026,B2,ยอดขายเงินสด,Sales-Cash,2730,,578442.5
29/07/2026,B2,ยอดขายเงินโอน,Sales-Transfer,860,,579302.5
29/07/2026,B3,ยอดขายเงินโอน,Sales-Transfer,7739,,587041.5
30/07/2026,B1,ยอดขายเงินสด,Sales-Cash,2170,,589211.5
30/07/2026,B1,ยอดขายเงินโอน,Sales-Transfer,1270,,590481.5
30/07/2026,B1,ตะแกรงคว่ำจาน 6อัน ป้ายไฟ3อัน (LINE_ALBUM_Cost July_260802_21.jpg),OPEX,,1790,588691.5
30/07/2026,B1,ถุงขยะ 5*5แพค (LINE_ALBUM_Cost July_260802_22.jpg),OPEX,,1101,587590.5
30/07/2026,B2,ยอดขายเงินสด,Sales-Cash,1360,,588950.5
30/07/2026,B2,ยอดขายเงินโอน,Sales-Transfer,1400,,590350.5
30/07/2026,B3,ยอดขายเงินโอน,Sales-Transfer,9248,,599598.5
31/07/2026,B1,ยอดขายเงินสด,Sales-Cash,2890,,602488.5
31/07/2026,B1,ยอดขายเงินโอน,Sales-Transfer,2650,,605138.5
31/07/2026,B1,แอปเปิ้ล 4 ลัง (LINE_ALBUM_Cost July_260802_23.jpg),COGS,,1200,603938.5
31/07/2026,B1,มะม่วง 4 ลัง (LINE_ALBUM_Cost July_260802_24.jpg),COGS,,4680,599258.5
31/07/2026,B1,ค่าขนส่ง (LINE_ALBUM_Cost July_260802_25.jpg),OPEX,,2000,597258.5
31/07/2026,B1,ฝรั่ง 3 ลัง (LINE_ALBUM_Cost July_260802_26.jpg),COGS,,3600,593658.5
31/07/2026,B1,ทุเรียน 20.6 กิโลกรัม (LINE_ALBUM_Cost July_260802_27.jpg),COGS,,2255,591403.5
31/07/2026,B1,ตะกร้าแต่งร้าน 3 (LINE_ALBUM_Cost July_260802_28.jpg),OPEX,,558,590845.5
31/07/2026,B1,Rent B1,OPEX,,35000,555845.5
31/07/2026,B1,Salary B1,OPEX,,35000,520845.5
31/07/2026,B2,ยอดขายเงินสด,Sales-Cash,2110,,522955.5
31/07/2026,B2,ยอดขายเงินโอน,Sales-Transfer,910,,523865.5
31/07/2026,B2,Rent B2,OPEX,,25000,498865.5
31/07/2026,B2,Salary B2 (Remaining),OPEX,,21000,477865.5
31/07/2026,B3,ยอดขายเงินโอน,Sales-Transfer,6188,,484053.5
31/07/2026,B3,Rent B3,OPEX,,19000,465053.5
31/07/2026,B3,Salary B3 (Remaining),OPEX,,39000,426053.5